0,0,13.93726708,0
0.032312,5.3853,41.16459627,0.012
0.19248,21.314,45.86335404,0.012
0.55475,39.07,44.82919255,0.012
0.93421,51.335,42.64285714,0.008397
1.2906,60.198,40.66459627,0.006391
1.6381,67.353,40.12111801,0.00545
1.9816,73.653,39.90062112,0.004872
2.3224,79.382,39.69254658,0.004454
2.6614,84.668,39.5,0.004133
2.999,89.6,39.44409938,0.003875
3.3356,94.254,39.45652174,0.003662
3.8725,101.24,39.46583851,0.005492
4.7497,111.72,39.47826087,0.008239
6.2275,127.44,39.49068323,0.012355
8.8087,151.06,39.50931677,0.01854
13.502,186.52,39.5310559,0.02781
22.392,239.79,39.52173913,0.0417
37.523,310.12,39.46583851,0.05504
58.427,386.67,39.36335404,0.06
83.917,462.95,39.14906832,0.06
97.026,497.5,39.17701863,0.02729
108.26,525.24,39.07763975,0.02197
119.72,552.02,38.95031056,0.02128
133.68,582.88,38.7515528,0.02461
156.05,628.84,38.24223602,0.03691
180.8,675.5,37.71428571,0.03795
192.59,696.42,37.59627329,0.01719
204.85,717.38,37.31987578,0.01734
221.48,744.64,36.90062112,0.02275
247.57,784.97,36.20496894,0.03411
264.05,809.07,35.90062112,0.02068
276.67,826.89,35.63354037,0.01543
291,846.49,35.28571429,0.01713
313.12,875.53,34.70186335,0.02569
346.42,916.72,33.80434783,0.03715
359.97,932.68,33.60869565,0.01465
378.58,953.93,33.09937888,0.01973
407.27,985.21,32.29192547,0.02959
422.19,1000.8,32.00310559,0.01503
436.4,1015.3,31.67080745,0.01409
457.7,1036.4,31.12732919,0.02077
490.47,1067.3,30.28354037,0.03115
504.67,1080.2,30.05310559,0.01322
524.84,1098,29.52546584,0.01853
555.72,1124.1,28.51490683,0.02778
571.18,1136.7,28.0121118,0.01368
594.7,1155,27.16149068,0.02052
630.66,1181.5,26.02670807,0.03077
657.33,1200.2,25.44565217,0.0224
698.1,1227.4,24.55372671,0.0336
750.92,1260.7,23.64813665,0.0425
827.93,1306.1,22.63509317,0.06
894.07,1342.6,22.2121118,0.0499
898.1,1344.8,22.49689441,0.003
902.13,1347,22.4552795,0.003
908.2,1350.2,22.37360248,0.0045
917.33,1355.1,22.25714286,0.0067
921.4,1357.2,22.23726708,0.003
925.48,1359.4,22.19565217,0.003
929.56,1361.5,22.15993789,0.003
933.65,1363.6,22.13167702,0.003
937.74,1365.8,22.11118012,0.003
941.84,1367.9,22.09782609,0.003
945.95,1370.1,22.08975155,0.003
950.06,1372.2,22.08509317,0.003
954.18,1374.3,22.0810559,0.003
960.31,1377.5,22.06273292,0.0045
969.53,1382.2,22.01428571,0.0067
973.68,1384.4,22.01335404,0.003
977.83,1386.5,21.98726708,0.003
982,1388.6,21.95931677,0.003
986.16,1390.7,21.93043478,0.003
990.34,1392.9,21.90062112,0.003
994.52,1395,21.86956522,0.003
998.71,1397.1,21.83695652,0.003
1002.9,1399.2,21.80186335,0.003
1007.3,1401.4,21.76086957,0.0031
1014,1404.7,21.67298137,0.0048
1023.9,1409.7,21.53416149,0.0071
1028.2,1411.7,21.50962733,0.003
1032.4,1413.8,21.46397516,0.003
1036.7,1415.9,21.42391304,0.003
1040.9,1418,21.38975155,0.003
1045.2,1420,21.36118012,0.003
1049.4,1422.1,21.33695652,0.003
1053.7,1424.2,21.31242236,0.003
1058.7,1426.5,21.27142857,0.0034
1066.1,1430.1,21.2,0.0053
1077.4,1435.5,21.07919255,0.0078
1081.7,1437.5,21.06490683,0.003
1086,1439.5,21.01863354,0.003
1090.3,1441.6,20.97049689,0.003
1094.6,1443.6,20.92080745,0.003
1099,1445.6,20.86925466,0.003
1103.3,1447.6,20.80869565,0.003
1108.7,1450.1,20.72546584,0.0037
1116.8,1453.9,20.59068323,0.0056
1127.5,1458.7,20.40062112,0.0073
1131.9,1460.7,20.36304348,0.003
1136.2,1462.6,20.29596273,0.003
1140.6,1464.6,20.23354037,0.003
1145,1466.5,20.1757764,0.003
1149.4,1468.5,20.12080745,0.003
1154.2,1470.6,20.06086957,0.0033
1161.5,1473.8,19.9621118,0.0049
1172.4,1478.5,19.80621118,0.0074
1177.7,1480.8,19.76490683,0.0036
1182.1,1482.7,19.70745342,0.003
1186.6,1484.6,19.64409938,0.003
1191,1486.5,19.57857143,0.003
1195.5,1488.4,19.51118012,0.003
1200.3,1490.4,19.43447205,0.0032
1207.4,1493.4,19.30962733,0.0048
1218,1497.8,19.08229814,0.0071
1225.1,1500.7,18.83198758,0.0047
1229.8,1502.6,18.60745342,0.0031
1234.3,1504.4,18.33229814,0.003
1238.8,1506.2,18.0552795,0.003
1243.6,1508,17.76273292,0.0032
1249.5,1510.2,17.37204969,0.0039
1258.4,1513.5,16.75372671,0.0059
1271.8,1518.3,15.7015528,0.0089
1277.2,1520.1,15.57950311,0.0035
1282.1,1521.7,15.17267081,0.0032
1287,1523.3,14.73198758,0.0033
1292.7,1525.1,14.19782609,0.0037
1300.9,1527.5,13.36304348,0.0054
1313.3,1530.9,12.01490683,0.008
1321.2,1532.9,11.36832298,0.0052
1326.8,1534.3,10.83602484,0.0037
1332.4,1535.6,10.20434783,0.0036
1338.8,1536.9,9.436645963,0.0042
1348,1538.7,8.228881988,0.006
1361.9,1541.1,6.40310559,0.009
1369.8,1542.2,5.87173913,0.0051
1376.1,1542.9,5.299068323,0.0041
1382.9,1543.7,4.610248447,0.0044
1392.4,1544.6,3.551863354,0.0062
1406.6,1545.6,1.93326087,0.0091
1416,1546,1.257515528,0.0061
1423.3,1546.2,0.654937888,0.0047
1431.6,1546.3,-0.179692547,0.0054
1444,1546.2,-1.554813665,0.0081
1462.7,1545.5,-3.709006211,0.012
1471.7,1544.9,-4.161180124,0.0058
1483.2,1543.9,-5.816459627,0.0075
1500.5,1541.7,-8.410869565,0.0112
1512.2,1539.7,-9.532919255,0.0076
1523.2,1537.5,-10.87173913,0.0071
1539.6,1533.7,-12.96832298,0.0107
1558.3,1528.6,-15.02173913,0.0123
1572,1524.3,-16.15621118,0.009
1592.5,1517.2,-18.63229814,0.0134
1608.8,1510.9,-20.04503106,0.0107
1629,1502.2,-21.95248447,0.0135
1659.2,1487.9,-23.52080745,0.0202
1703.8,1465,-24.51552795,0.0302
1720.1,1456.2,-24.84875776,0.0111
1744.3,1442.9,-25.49689441,0.0167
1770.2,1428.2,-26.05372671,0.0181
1808.6,1405.7,-25.67298137,0.0271
1865.1,1372.4,-25.15031056,0.0407
1922,1338.7,-24.70962733,0.042
1926.6,1336,-24.67826087,0.0034
1931.9,1332.8,-24.64254658,0.0039
1939.5,1328.3,-24.59347826,0.0057
1950.8,1321.5,-24.52142857,0.0086
1959.6,1316.3,-24.46024845,0.0067
1965.2,1313,-24.41708075,0.0042
1970.5,1309.8,-24.37298137,0.004
1976.1,1306.4,-24.32018634,0.0044
1983.2,1302.2,-24.24937888,0.0054
1993.7,1295.8,-24.14285714,0.0081
2009.4,1286.4,-23.99006211,0.0121
2016,1282.5,-23.92080745,0.0052
2022.3,1278.7,-23.85372671,0.0049
2029.6,1274.3,-23.77919255,0.0057
2040.4,1267.8,-23.66987578,0.0085
2056.5,1258.1,-23.48571429,0.0127
2064.4,1253.4,-23.3826087,0.0064
2071.7,1249,-23.28447205,0.0058
2080,1244,-23.17018634,0.0066
2092.3,1236.7,-22.97795031,0.0099
2110.6,1225.7,-22.6810559,0.0149
2119,1220.7,-22.54875776,0.0069
2127.5,1215.7,-22.40869565,0.0069
2139.1,1208.8,-22.21086957,0.0096
2156.5,1198.5,-21.92018634,0.0145
2168.2,1191.6,-21.69130435,0.0098
2177.8,1186,-21.49068323,0.0081
2189.8,1179,-21.24006211,0.0101
2207.7,1168.7,-20.83695652,0.0153
2222.5,1160.3,-20.49037267,0.0126
2233.7,1153.9,-20.23354037,0.0098
2250.1,1144.7,-19.81645963,0.0143
2274.5,1131.2,-19.19440994,0.0214
2288.3,1123.7,-18.80186335,0.0122
2308.6,1112.9,-18.22204969,0.0182
2338.7,1097.3,-17.56708075,0.0272
2362.4,1085.1,-17.1568323,0.0217
2397.4,1067.5,-16.56552795,0.0325
2444.7,1044.1,-15.80465839,0.0448
2506.4,1014.5,-14.8742236,0.06
2543.8,997.05,-14.35031056,0.0371
2575.7,982.39,-13.88819876,0.0323
2622.7,961.26,-13.24409938,0.0484
2679.6,936.4,-12.5121118,0.06
2735.1,912.88,-11.84440994,0.06
2780.7,894.06,-11.3326087,0.0504
2833.7,872.72,-10.77018634,0.06
2885.4,852.42,-10.2515528,0.06
2936,833.08,-9.776086957,0.06
2985.4,814.62,-9.337267081,0.06
3033.7,796.98,-8.931055901,0.06
3081,780.09,-8.55310559,0.06
3127.4,763.91,-8.20310559,0.06
3172.7,748.38,-7.876397516,0.06
3217.2,733.46,-7.571118012,0.06
3260.8,719.11,-7.286645963,0.06
3303.5,705.3,-7.018012422,0.06
3345.4,691.98,-6.768012422,0.06
3386.5,679.14,-6.532608696,0.06
3426.9,666.73,-6.311180124,0.06
3466.5,654.74,-6.101863354,0.06
3505.5,643.15,-5.903416149,0.06
3543.7,631.92,-5.717701863,0.06
3581.3,621.05,-5.541614907,0.06
3618.3,610.51,-5.372981366,0.06
3654.6,600.28,-5.214596273,0.06
3690.3,590.35,-5.062732919,0.06
3725.4,580.71,-4.918944099,0.06
3760,571.34,-4.784782609,0.06
3794,562.22,-4.653726708,0.06
3827.5,553.35,-4.52826087,0.06
3860.4,544.72,-4.410559006,0.06
3892.8,536.31,-4.298136646,0.06
3924.8,528.11,-4.189440994,0.06
3956.2,520.12,-4.085403727,0.06
3987.2,512.32,-3.987267081,0.06
4017.7,504.71,-3.893167702,0.06
4047.8,497.27,-3.801863354,0.06
4077.4,490.01,-3.714596273,0.06
4106.6,482.92,-3.630434783,0.06
4135.3,475.98,-3.550621118,0.06
4163.7,469.2,-3.472981366,0.06
4191.6,462.56,-3.399068323,0.06
4219.2,456.06,-3.32826087,0.06
4246.4,449.7,-3.259627329,0.06
4273.2,443.47,-3.192546584,0.06
4299.6,437.36,-3.128881988,0.06
4325.6,431.38,-3.067329193,0.06
4351.3,425.51,-3.007732919,0.06
4376.7,419.75,-2.950310559,0.06
4401.7,414.11,-2.895962733,0.06
4426.4,408.56,-2.843012422,0.06
4450.7,403.12,-2.791055901,0.06
4474.8,397.78,-2.740590062,0.06
4498.5,392.53,-2.692267081,0.06
4521.9,387.37,-2.645776398,0.06
4545,382.3,-2.601086957,0.06
4567.8,377.32,-2.557111801,0.06
4590.3,372.42,-2.515,0.06
4612.5,367.6,-2.474503106,0.06
4634.4,362.86,-2.434223602,0.06
4656,358.2,-2.395341615,0.06
4677.4,353.6,-2.358167702,0.06
4698.4,349.08,-2.322546584,0.06
4719.2,344.63,-2.287236025,0.06
4739.8,340.24,-2.252888199,0.06
4760.1,335.92,-2.219347826,0.06
4780.1,331.67,-2.187173913,0.06
4799.9,327.47,-2.156583851,0.06
4819.4,323.33,-2.126614907,0.06
4838.7,319.25,-2.096956522,0.06
4857.7,315.23,-2.068571429,0.06
4876.5,311.26,-2.040621118,0.06
4895.1,307.35,-2.012795031,0.06
4913.4,303.48,-1.985465839,0.06
4931.5,299.67,-1.960279503,0.06
4949.3,295.91,-1.93636646,0.06
4967,292.19,-1.913074534,0.06
4984.4,288.52,-1.889223602,0.06
5001.6,284.89,-1.865465839,0.06
5018.6,281.31,-1.841614907,0.06
5035.4,277.77,-1.819409938,0.06
5051.9,274.28,-1.799068323,0.06
5068.3,270.82,-1.779565217,0.06
5084.4,267.4,-1.761397516,0.06
5100.4,264.01,-1.742329193,0.06
5115.7,260.75,-1.722080745,0.0586
5131.3,257.44,-1.700590062,0.06
5146.6,254.18,-1.681304348,0.06
5160.3,251.25,-1.665279503,0.0542
5174.8,248.16,-1.649068323,0.0579
5189.6,244.99,-1.633975155,0.06
5204.2,241.85,-1.618944099,0.06
5218.6,238.73,-1.603198758,0.06
5232.9,235.65,-1.58636646,0.06
5246.9,232.61,-1.568944099,0.06
5260.8,229.59,-1.552795031,0.06
5274.5,226.61,-1.537639752,0.06
5288,223.65,-1.523571429,0.06
5301.3,220.72,-1.509751553,0.06
5314.4,217.81,-1.497267081,0.06
5327.4,214.93,-1.484658385,0.06
5340.2,212.08,-1.472701863,0.06
5352.9,209.24,-1.45947205,0.06
5365.4,206.44,-1.445745342,0.06
5377.7,203.66,-1.433074534,0.06
5389.8,200.9,-1.420621118,0.06
5401.8,198.17,-1.408540373,0.06
5413.6,195.46,-1.396770186,0.06
5425.2,192.77,-1.38568323,0.06
5436.7,190.1,-1.375217391,0.06
5448,187.46,-1.36447205,0.06
5459.2,184.83,-1.354782609,0.06
5470.2,182.22,-1.34515528,0.06
5481.1,179.63,-1.335403727,0.06
5491.8,177.06,-1.325124224,0.06
5502.3,174.51,-1.31568323,0.06
5512.7,171.98,-1.306552795,0.06
5522.9,169.46,-1.297298137,0.06
5533,166.96,-1.287888199,0.06
5543,164.48,-1.279409938,0.06
5552.8,162.02,-1.271055901,0.06
5562.4,159.57,-1.262515528,0.06
5571.9,157.14,-1.254254658,0.06
5581.3,154.73,-1.245776398,0.06
5590.5,152.33,-1.237763975,0.06
5599.6,149.94,-1.230310559,0.06
5608.5,147.57,-1.22326087,0.0599
5617.3,145.22,-1.216552795,0.06
5625.9,142.87,-1.209378882,0.06
5634.4,140.54,-1.203043478,0.06
5642.8,138.23,-1.19621118,0.06
5651,135.92,-1.18984472,0.06
5659.1,133.63,-1.183385093,0.06
5667,131.35,-1.177267081,0.06
5674.9,129.08,-1.170776398,0.06
5682.5,126.82,-1.164037267,0.06
5690.1,124.58,-1.157453416,0.06
5697.5,122.35,-1.151459627,0.06
5704.8,120.13,-1.145838509,0.06
5711.9,117.92,-1.140279503,0.06
5718.9,115.73,-1.134968944,0.06
5725.8,113.54,-1.12984472,0.06
5732.5,111.36,-1.125031056,0.06
5739.1,109.19,-1.120341615,0.06
5745.6,107.03,-1.115714286,0.06
5752,104.88,-1.111490683,0.06
5758.2,102.74,-1.107080745,0.06
5764.3,100.6,-1.102173913,0.06
5770.3,98.477,-1.097360248,0.06
5776.1,96.361,-1.093385093,0.06
5781.9,94.252,-1.089285714,0.06
5787.4,92.152,-1.085217391,0.06
5792.9,90.059,-1.081273292,0.06
5798.3,87.974,-1.077453416,0.06
5803.5,85.896,-1.073354037,0.06
5808.6,83.826,-1.069440994,0.06
5813.5,81.764,-1.065621118,0.06
5818.4,79.708,-1.062267081,0.06
5823.1,77.659,-1.058913043,0.06
5827.7,75.616,-1.055931677,0.06
5832.2,73.579,-1.052919255,0.06
5836.5,71.548,-1.049658385,0.06
5840.8,69.523,-1.046552795,0.06
5844.9,67.504,-1.043944099,0.06
5848.9,65.49,-1.041118012,0.06
5852.7,63.48,-1.038944099,0.06
5856.5,61.476,-1.036086957,0.06
5860.1,59.477,-1.033726708,0.06
5863.6,57.482,-1.031086957,0.06
5867,55.492,-1.028695652,0.06
5870.3,53.507,-1.026397516,0.06
5873.4,51.526,-1.023757764,0.06
5876.5,49.551,-1.021428571,0.06
5879.4,47.579,-1.019378882,0.06
5882.2,45.612,-1.017888199,0.06
5884.8,43.646,-1.016552795,0.06
5887.4,41.684,-1.014906832,0.06
5889.8,39.724,-1.013385093,0.06
5892.2,37.768,-1.012049689,0.06
5894.4,35.814,-1.010279503,0.06
5896.5,33.864,-1.009068323,0.06
5898.4,31.915,-1.007857143,0.06
5900.3,29.969,-1.006428571,0.06
5902,28.026,-1.005186335,0.06
5903.7,26.085,-1.003944099,0.06
5905.2,24.147,-1.002732919,0.06
5906.6,22.211,-1.001770186,0.06
5907.8,20.276,-1.000590062,0.06
5909,18.344,-0.999658385,0.06
5910,16.414,-0.998726708,0.06
5911,14.485,-0.997826087,0.06
5911.8,12.558,-0.996708075,0.06
5912.5,10.634,-0.995590062,0.06
5913,8.7113,-0.994534161,0.06
5913.5,6.7902,-0.994130435,0.06
5913.9,4.871,-0.992484472,0.06
5914.1,2.9537,-0.996024845,0.06
5914.2,1.0296,-0.995745342,0.06
5914.2,-0.89407,-0.995714286,0.06
5914.1,-2.8174,-0.995310559,0.06
5913.9,-4.5483,-0.964130435,0.056
5913.6,-6.1809,-0.939813665,0.054
5913.2,-7.8119,-0.911552795,0.055
5912.7,-9.4412,-0.878509317,0.058
5912.1,-11.068,-0.837732919,0.06
5911.4,-12.687,-0.78673913,0.064
5910.4,-14.298,-0.730217391,0.069
5909.3,-15.91,-0.673944099,0.074
5907.9,-17.514,-0.604906832,0.082
5906.2,-19.102,-0.527329193,0.094
5904,-20.666,-0.443602484,0.109
5901.2,-22.214,-0.357204969,0.135
5897,-23.749,-0.26468323,0.18
5890.7,-25.071,-0.159447205,0.257
5880,-25.98,-0.067024845,0.422
5867,-26.019,-0.002423727,0.5
5854,-26.014,0.000314814,0.5
5841,-26.016,-0.000126233,0.5
5828,-26.012,0.000255947,0.5
5815,-26.006,0.000346894,0.5
5802,-25.981,0.001577702,0.5
5789,-26.002,-0.001332143,0.5
5776,-25.989,0.000789379,0.5
5763,-25.988,0.000111646,0.5
5750,-25.976,0.000751957,0.5
5737,-25.978,-0.000156593,0.5
5724,-25.971,0.000409379,0.5
5711,-25.955,0.001017981,0.5
5698,-25.963,-0.000475621,0.5
5685.1,-25.953,0.000584938,0.5
5672.1,-25.949,0.000252106,0.5
5659.1,-25.935,0.000891273,0.5
5646.1,-25.941,-0.000400435,0.5
5633.2,-25.935,0.000394255,0.5
5620.2,-25.925,0.000650311,0.5
5607.2,-25.918,0.000429255,0.5
5594.3,-25.922,-0.00026032,0.5
5581.3,-25.913,0.000551335,0.5
5568.4,-25.911,9.97888E-05,0.5
5555.4,-25.906,0.000354596,0.5
5542.5,-25.897,0.00051236,0.5
5529.5,-25.896,5.8264E-05,0.5
5516.6,-25.884,0.000779379,0.5
5503.6,-25.886,-0.000141547,0.5
5490.7,-25.879,0.000467143,0.5
5477.8,-25.867,0.000713571,0.5
5464.8,-25.871,-0.00022214,0.5
5451.9,-25.864,0.000432267,0.5
5439,-25.861,0.000191394,0.5
5426,-25.854,0.000407019,0.5
5413.1,-25.847,0.000439037,0.5
5400.2,-25.846,6.66677E-05,0.5
5387.3,-25.837,0.00054618,0.5
5374.3,-25.828,0.000565776,0.5
5361.4,-25.832,-0.000253457,0.5
5348.5,-25.824,0.000494348,0.5
5335.6,-25.819,0.000353975,0.5
5322.7,-25.815,0.000234217,0.5
5309.8,-25.811,0.000262509,0.5
5296.9,-25.796,0.000922205,0.5
5284,-25.8,-0.000298224,0.5
5271.1,-25.79,0.000634161,0.5
5258.2,-25.77,0.001289876,0.5
5245.3,-25.791,-0.001336708,0.5
5232.4,-25.779,0.000720217,0.5
5219.5,-25.776,0.000236773,0.5
5206.6,-25.768,0.000493137,0.5
5193.8,-25.766,8.06273E-05,0.5
5180.9,-25.748,0.001168385,0.5
5168,-25.759,-0.000739441,0.5
5155.1,-25.749,0.00067413,0.5
5142.3,-25.747,0.00011023,0.5
5129.4,-25.741,0.000349845,0.5
5116.5,-25.735,0.000364783,0.5
5103.6,-25.722,0.000827329,0.5
5090.8,-25.729,-0.000451615,0.5
5077.9,-25.714,0.000968478,0.5
5065.1,-25.719,-0.000316646,0.5
5052.2,-25.71,0.000568043,0.5
5039.4,-25.703,0.000390373,0.5
5026.5,-25.699,0.000297407,0.5
5013.7,-25.674,0.00155559,0.5
5000.8,-25.683,-0.000580124,0.5
4988,-25.681,0.000136957,0.5
4975.1,-25.683,-0.000126342,0.5
4962.3,-25.677,0.000343665,0.5
4949.5,-25.665,0.00075,0.5
4936.6,-25.65,0.000946366,0.5
4923.8,-25.664,-0.00088295,0.5
4911,-25.64,0.001481957,0.5
4898.2,-25.659,-0.001148323,0.5
4885.3,-25.646,0.000763137,0.5
4872.5,-25.581,0.004090062,0.5
4859.7,-25.654,-0.004584783,0.5
4846.9,-25.627,0.001709317,0.5
4834.1,-25.63,-0.000196643,0.5
4821.3,-25.597,0.002075839,0.5
4808.5,-25.625,-0.001740062,0.5
4795.7,-25.609,0.000943292,0.5
4782.9,-25.607,0.00015563,0.5
4770.1,-25.599,0.000490186,0.5
4757.3,-25.596,0.000163016,0.5
4744.5,-25.59,0.000416957,0.5
4731.7,-25.586,0.00023964,0.5
4718.9,-25.583,0.000160963,0.5
4706.1,-25.571,0.000773137,0.5
4693.3,-25.574,-0.000218335,0.5
4680.5,-25.567,0.000481211,0.5
4667.7,-25.56,0.000434161,0.5
4655,-25.545,0.000919938,0.5
4642.2,-25.542,0.000149531,0.5
4629.4,-25.549,-0.000395155,0.5
4616.6,-25.524,0.001528447,0.5
4603.9,-25.541,-0.001020435,0.5
4591.1,-25.524,0.001026149,0.5
4578.3,-25.52,0.000279658,0.5
4565.6,-25.509,0.000632174,0.5
4552.8,-25.503,0.000410248,0.5
4540.1,-25.516,-0.000839255,0.5
4527.3,-25.506,0.000623199,0.5
4514.6,-25.503,0.00021678,0.5
4501.8,-25.496,0.000421398,0.5
4489.1,-25.493,0.00018336,0.5
4476.3,-25.485,0.000467453,0.5
4463.6,-25.477,0.000531149,0.5
4450.9,-25.478,-9.17795E-05,0.5
4438.1,-25.47,0.000515248,0.5
4425.4,-25.468,0.000156854,0.5
4412.7,-25.462,0.000325062,0.5
4399.9,-25.439,0.001422516,0.5
4387.2,-25.458,-0.001135994,0.5
4374.5,-25.447,0.000692484,0.5
4361.8,-25.439,0.000496925,0.5
4349,-25.438,5.18447E-05,0.5
4336.3,-25.432,0.000344348,0.5
4323.6,-25.415,0.001052578,0.5
4310.9,-25.425,-0.000606988,0.5
4298.2,-25.418,0.000426398,0.5
4285.5,-25.407,0.000706025,0.5
4272.8,-25.405,0.000141199,0.5
4260.1,-25.405,-3.75621E-05,0.5
4247.4,-25.396,0.000540466,0.5
4234.7,-25.391,0.000334037,0.5
4222,-25.39,5.55497E-05,0.5
4209.3,-25.375,0.00095177,0.5
4196.6,-25.382,-0.000464814,0.5
4183.9,-25.372,0.000623043,0.5
4171.2,-25.369,0.000189155,0.5
4158.5,-25.365,0.000283401,0.5
4145.9,-25.357,0.000462391,0.5
4133.2,-25.356,5.56491E-05,0.5
4120.5,-25.349,0.00045413,0.5
4107.8,-25.322,0.001698882,0.5
4095.2,-25.346,-0.00153764,0.5
4082.5,-25.319,0.001674596,0.5
4069.8,-25.325,-0.000319379,0.5
4057.2,-25.326,-7.10963E-05,0.5
4044.5,-25.319,0.00039323,0.5
4031.9,-25.305,0.00088087,0.5
4019.2,-25.303,0.000163901,0.5
4006.6,-25.285,0.001070435,0.5
3993.9,-25.305,-0.001217453,0.5
3981.3,-25.294,0.000655932,0.5
3968.6,-25.293,7.26273E-05,0.5
3956,-25.279,0.000861553,0.5
3943.3,-25.283,-0.000231938,0.5
3930.7,-25.279,0.000276345,0.5
3918.1,-25.269,0.00062441,0.5
3905.4,-25.266,0.000184885,0.5
3892.8,-25.263,0.000145481,0.5
3880.2,-25.259,0.000252649,0.5
3867.5,-25.253,0.000367888,0.5
3854.9,-25.238,0.000980497,0.5
3842.3,-25.247,-0.000610031,0.5
3829.7,-25.232,0.000928571,0.5
3817.1,-25.238,-0.00037205,0.5
3804.4,-25.23,0.000521491,0.5
3791.8,-25.227,0.000190714,0.5
3779.2,-25.222,0.000327702,0.5
3766.6,-25.216,0.000350497,0.5
3754,-25.207,0.000527391,0.5
3741.4,-25.208,-1.01832E-05,0.5
3728.8,-25.197,0.000633851,0.495
3716.2,-25.2,-0.000152764,0.5
3703.6,-25.19,0.000629006,0.5
3691,-25.189,5.17671E-05,0.5
3678.4,-25.174,0.00091441,0.5
3665.8,-25.183,-0.000519845,0.5
3653.2,-25.172,0.000687547,0.5
3640.6,-25.155,0.001033168,0.5
3628.1,-25.166,-0.00066028,0.5
3615.5,-25.159,0.000383975,0.5
3602.9,-25.152,0.000449441,0.5
3590.3,-25.152,-1.95441E-05,0.5
3577.8,-25.141,0.000704907,0.5
3565.2,-25.144,-0.000167351,0.5
3552.6,-25.133,0.000693478,0.5
3540.1,-25.134,-0.000106326,0.5
3527.5,-25.113,0.001294814,0.5
3514.9,-25.11,0.000218053,0.5
3502.4,-25.12,-0.000650621,0.5
3489.8,-25.114,0.000417516,0.5
3477.3,-25.109,0.000275494,0.5
3464.7,-25.098,0.000670807,0.5
3452.2,-25.103,-0.000285941,0.5
3439.6,-25.091,0.000765093,0.5
3427.1,-25.083,0.000452298,0.5
3414.5,-25.087,-0.00021596,0.5
3402,-25.082,0.000328758,0.5
3389.4,-25.076,0.000339441,0.5
3376.9,-25.07,0.000391863,0.5
3364.4,-25.069,7.00932E-05,0.5
3351.8,-25.063,0.000350124,0.5
3339.3,-25.059,0.000284559,0.5
3326.8,-25.04,0.001159689,0.5
3314.3,-25.053,-0.000830311,0.5
3301.7,-25.045,0.000489845,0.5
3289.2,-25.031,0.000893106,0.5
3276.7,-25.038,-0.000426398,0.5
3264.2,-25.027,0.000665776,0.5
3251.7,-25.021,0.000389752,0.5
3239.2,-25.024,-0.000217839,0.5
3226.7,-25.011,0.000806118,0.5
3214.1,-25.013,-0.000119947,0.5
3201.6,-25.008,0.000324286,0.5
3189.1,-24.999,0.000592919,0.5
3176.6,-24.998,6.30124E-05,0.5
3164.1,-24.994,0.000199578,0.5
3151.6,-24.982,0.000757329,0.5
3139.2,-24.981,5.52888E-05,0.5
3126.7,-24.981,4.15124E-05,0.5
3114.2,-24.967,0.000868913,0.5
3101.7,-24.97,-0.000195668,0.5
3089.2,-24.956,0.000857702,0.5
3076.7,-24.956,-2.85149E-05,0.5
3064.3,-24.955,6.61925E-05,0.5
3051.8,-24.948,0.000441553,0.5
3039.3,-24.943,0.000331398,0.5
3026.8,-24.942,2.4022E-05,0.5
3014.4,-24.896,0.002871832,0.5
3001.9,-24.936,-0.00247382,0.5
2989.5,-24.879,0.00353882,0.5
2977,-24.937,-0.003580435,0.5
2964.6,-24.913,0.001452081,0.5
2952.1,-24.915,-8.52391E-05,0.5
2939.6,-24.908,0.000400807,0.5
2927.2,-24.902,0.000398727,0.5
2914.7,-24.899,0.000165925,0.5
2902.3,-24.86,0.002411056,0.5
2889.9,-24.896,-0.002223106,0.5
2877.4,-24.883,0.000798012,0.5
2865,-24.881,0.000148745,0.5
2852.5,-24.874,0.000408602,0.5
2840.1,-24.871,0.000187587,0.5
2827.7,-24.866,0.000323137,0.5
2815.2,-24.862,0.000262975,0.5
2802.8,-24.857,0.000289888,0.5
2790.4,-24.846,0.000669938,0.5
2778,-24.848,-0.000107944,0.5
2765.5,-24.842,0.000391087,0.5
2753.1,-24.839,0.000178851,0.5
2740.7,-24.833,0.00037,0.5
2728.3,-24.828,0.00034205,0.5
2715.9,-24.821,0.000387391,0.5
2703.5,-24.821,2.03348E-05,0.5
2691,-24.813,0.000467112,0.5
2678.6,-24.811,0.000144304,0.5
2666.2,-24.804,0.000432826,0.5
2653.8,-24.801,0.000223137,0.5
2641.4,-24.794,0.000403758,0.5
2629,-24.79,0.000239472,0.5
2616.6,-24.78,0.000604565,0.5
2604.3,-24.755,0.001588012,0.5
2591.9,-24.772,-0.001081677,0.5
2579.5,-24.776,-0.000231755,0.5
2567.1,-24.757,0.001176801,0.5
2554.7,-24.766,-0.000545776,0.5
2542.3,-24.754,0.000710155,0.5
2530,-24.755,-5.59876E-06,0.5
2517.6,-24.746,0.000503478,0.5
2505.2,-24.744,0.000127944,0.5
2492.9,-24.741,0.000186863,0.5
2480.5,-24.719,0.001367609,0.5
2468.1,-24.738,-0.001184317,0.5
2455.8,-24.71,0.00177323,0.5
2443.4,-24.718,-0.000493012,0.5
2431,-24.719,-9.89099E-05,0.5
2418.7,-24.714,0.000318137,0.5
2406.3,-24.71,0.000256118,0.5
2394,-24.706,0.000283385,0.5
2381.6,-24.697,0.000556118,0.5
2369.3,-24.698,-7.87391E-05,0.5
2356.9,-24.675,0.001432391,0.5
2344.6,-24.686,-0.000715652,0.5
2332.3,-24.684,0.000168497,0.5
2319.9,-24.679,0.000314565,0.5
2307.6,-24.674,0.000267217,0.5
2295.2,-24.669,0.00032528,0.5
2282.9,-24.666,0.00021309,0.5
2270.6,-24.658,0.000461304,0.5
2258.2,-24.655,0.000207329,0.5
2245.9,-24.641,0.000885311,0.5
2233.6,-24.65,-0.000553509,0.5
2221.3,-24.608,0.002548012,0.5
2209,-24.649,-0.002503385,0.5
2196.6,-24.631,0.00109236,0.5
2184.3,-24.621,0.000603106,0.5
2172,-24.628,-0.00039646,0.5
2159.7,-24.619,0.000550124,0.5
2147.4,-24.612,0.000456149,0.5
2135.1,-24.612,6.98447E-06,0.5
2122.8,-24.605,0.000379379,0.5
2110.5,-24.599,0.000399224,0.5
2098.2,-24.597,0.000149016,0.5
2085.9,-24.574,0.001424068,0.5
2073.6,-24.595,-0.001306925,0.5
2061.3,-24.584,0.000664783,0.5
2049,-24.578,0.000386366,0.5
2036.7,-24.577,4.50342E-05,0.5
2024.4,-24.57,0.00043823,0.5
2012.2,-24.567,0.000217102,0.5
1999.9,-24.536,0.001880963,0.5
1987.6,-24.552,-0.000965994,0.5
1975.3,-24.557,-0.00032177,0.5
1963.1,-24.547,0.000625901,0.5
1950.8,-24.547,-6.45062E-06,0.5
1938.5,-24.538,0.000552484,0.5
1926.2,-24.538,-1.24205E-05,0.5
1914,-24.527,0.000678075,0.5
1901.7,-24.527,4.43261E-05,0.5
1889.5,-24.52,0.000440186,0.5
1877.2,-24.516,0.00021664,0.5
1864.9,-24.516,2.32161E-05,0.5
1852.7,-24.501,0.000890963,0.5
1840.4,-24.51,-0.000525745,0.5
1828.2,-24.496,0.00088323,0.5
1815.9,-24.486,0.000624193,0.5
1803.7,-24.489,-0.000213422,0.5
1791.4,-24.482,0.000447733,0.5
1779.2,-24.468,0.000833696,0.5
1767,-24.464,0.000283376,0.5
1754.7,-24.48,-0.001007174,0.5
1742.5,-24.468,0.000755373,0.5
1730.3,-24.465,0.000187665,0.5
1718,-24.451,0.000869876,0.5
1705.8,-24.463,-0.000748168,0.5
1693.6,-24.454,0.000564783,0.5
1681.4,-24.445,0.000550093,0.5
1669.1,-24.437,0.000464596,0.5
1656.9,-24.438,-3.2618E-06,0.5
1644.7,-24.425,0.000797019,0.5
1632.5,-24.437,-0.000776273,0.5
1620.3,-24.428,0.000569161,0.5
1608.1,-24.423,0.000323012,0.5
1595.9,-24.42,0.000169761,0.5
1583.6,-24.41,0.000648758,0.5
1571.4,-24.412,-0.000176339,0.5
1559.2,-24.401,0.000701491,0.5
1547,-24.402,-3.69814E-05,0.5
1534.8,-24.397,0.000283242,0.5
1522.6,-24.363,0.002155901,0.5
1510.5,-24.39,-0.001726025,0.5
1498.3,-24.375,0.000967112,0.5
1486.1,-24.379,-0.000263727,0.5
1473.9,-24.375,0.000237758,0.5
1461.7,-24.367,0.000512702,0.5
1449.5,-24.36,0.000456832,0.5
1437.3,-24.362,-0.000170655,0.5
1425.2,-24.354,0.000523012,0.5
1413,-24.351,0.000197065,0.5
1400.8,-24.344,0.000447143,0.5
1388.6,-24.322,0.001308851,0.5
1376.5,-24.341,-0.001152267,0.5
1364.3,-24.325,0.001016335,0.5
1352.2,-24.327,-0.000148981,0.5
1340,-24.314,0.000799689,0.5
1327.8,-24.325,-0.000686366,0.5
1315.7,-24.312,0.000824441,0.5
1303.5,-24.306,0.000384907,0.5
1291.4,-24.309,-0.000214562,0.5
1279.2,-24.296,0.000806366,0.5
1267.1,-24.298,-0.000142379,0.5
1254.9,-24.294,0.000260155,0.5
1242.8,-24.291,0.000234848,0.5
1230.6,-24.268,0.001383075,0.5
1218.5,-24.286,-0.001114441,0.5
1206.3,-24.275,0.000685683,0.5
1194.2,-24.266,0.000597019,0.5
1182.1,-24.268,-0.000121879,0.5
1169.9,-24.262,0.000363168,0.5
1157.8,-24.26,0.000109826,0.5
1145.7,-24.255,0.00033205,0.5
1133.6,-24.251,0.000245773,0.5
1121.4,-24.241,0.000576584,0.5
1109.3,-24.24,8.36273E-05,0.5
1097.2,-24.238,0.000148398,0.5
1085.1,-24.22,0.001120745,0.5
1073,-24.218,0.000114516,0.5
1060.9,-24.211,0.000438913,0.5
1048.8,-24.219,-0.000520683,0.5
1036.7,-24.216,0.000192602,0.5
1024.5,-24.209,0.000409627,0.5
1012.4,-24.204,0.00030545,0.5
1000.3,-24.204,4.28571E-05,0.5
988.24,-24.195,0.000512671,0.5
976.15,-24.195,-1.1295E-06,0.5
964.05,-24.189,0.00038941,0.5
951.96,-24.186,0.000206087,0.5
939.86,-24.178,0.000514565,0.5
927.78,-24.173,0.000263252,0.5
915.69,-24.173,1.96537E-05,0.5
903.61,-24.141,0.001963571,0.5
891.53,-24.171,-0.001834938,0.5
879.45,-24.158,0.000821863,0.5
867.37,-24.155,0.000174255,0.5
855.3,-24.151,0.000218183,0.5
843.22,-24.144,0.00044118,0.5
831.15,-24.142,0.000155478,0.5
819.08,-24.137,0.00028627,0.5
807.01,-24.134,0.000179227,0.5
794.95,-24.128,0.000364814,0.5
782.89,-24.1,0.001785404,0.5
770.83,-24.13,-0.001863323,0.5
758.77,-24.115,0.000936429,0.5
746.72,-24.075,0.002429876,0.5
734.68,-24.121,-0.002821366,0.5
722.62,-24.1,0.001289689,0.5
710.57,-24.082,0.001139099,0.5
698.53,-24.099,-0.00106382,0.5
686.48,-24.089,0.000638478,0.5
674.44,-24.077,0.000704752,0.5
662.4,-24.087,-0.000582391,0.5
650.36,-24.076,0.000640621,0.5
638.32,-24.073,0.000231317,0.5
626.29,-24.071,9.09099E-05,0.5
614.25,-24.066,0.000292565,0.5
602.22,-24.045,0.001313292,0.5
590.2,-24.061,-0.001003137,0.5
578.17,-24.047,0.000914783,0.5
566.15,-24.052,-0.000331584,0.5
554.12,-24.033,0.001160155,0.5
542.1,-24.045,-0.000734689,0.5
530.08,-24.036,0.000579286,0.5
518.07,-24.032,0.000233839,0.5
506.05,-24.026,0.000374783,0.5
494.04,-24.024,0.000120043,0.5
482.03,-24.02,0.000248106,0.5
470.02,-24.007,0.000810714,0.5
458.02,-24.01,-0.000206823,0.5
446.01,-24.008,0.000136994,0.5
434.01,-23.993,0.000928075,0.5
422.02,-23.988,0.000325155,0.5
410.02,-23.998,-0.000635963,0.5
398.03,-23.976,0.001396739,0.5
386.04,-23.992,-0.001034224,0.5
374.04,-23.981,0.000697236,0.5
362.05,-23.975,0.000364441,0.5
350.06,-23.976,-1.10158E-05,0.5
338.08,-23.958,0.00112146,0.5
326.1,-23.959,-8.53416E-05,0.5
314.12,-23.965,-0.000371863,0.5
302.14,-23.953,0.000738882,0.5
290.17,-23.954,-9.24969E-05,0.5
278.19,-23.942,0.000788261,0.5
266.22,-23.948,-0.00040264,0.5
254.25,-23.94,0.00052177,0.5
242.28,-23.931,0.000531087,0.5
230.31,-23.934,-0.000170981,0.5
218.35,-23.928,0.000385714,0.5
206.38,-23.921,0.000394814,0.5
194.42,-23.922,-4.24596E-05,0.5
182.46,-23.917,0.000329814,0.5
170.51,-23.908,0.000521863,0.5
158.55,-23.905,0.00021468,0.5
146.6,-23.903,0.000129422,0.5
134.66,-23.878,0.001534472,0.5
122.71,-23.899,-0.001308292,0.5
110.77,-23.888,0.000701149,0.5
98.824,-23.879,0.000583851,0.5
86.882,-23.888,-0.000579689,0.5
74.941,-23.879,0.000580155,0.5
63.007,-23.857,0.001362236,0.5
51.074,-23.874,-0.001103634,0.5
39.139,-23.866,0.000530559,0.5
27.206,-23.865,3.5059E-05,0.5
15.277,-23.85,0.000947857,0.5
3.3502,-23.859,-0.000530776,0.5
-8.5753,-23.843,0.000952143,0.5
