Sensor Altitude,Sensor Velocity,Sensor Acceleration,Delta Time,Corrected Altitude,Corrected Velocity,Corrected Acceleration,Corrected Delta Time
0,0.000000,13.937267,0.000000,0,0.000000,8.498333,0.000000
0,5.385300,41.164597,0.012000,0,21.736851,20.871918,0.012000
0,21.313999,45.863354,0.012000,0,25.520773,33.181492,0.012000
0,39.070000,44.829193,0.012000,0,36.270157,38.332581,0.012000
0,51.334999,42.642857,0.008397,0,44.422874,40.339741,0.008397
1,60.198002,40.664597,0.006391,0,51.711674,40.487553,0.006391
1,67.352997,40.121117,0.005450,0,58.795341,40.319023,0.005450
1,73.653000,39.900620,0.004872,0,65.460632,40.127533,0.004872
2,79.382004,39.692547,0.004454,1,71.711235,39.928005,0.004454
2,84.667999,39.500000,0.004133,1,77.513023,39.731884,0.004133
2,89.599998,39.444099,0.003875,1,82.964012,39.599953,0.003875
3,94.253998,39.456520,0.003662,2,88.093544,39.534210,0.003662
3,101.239998,39.465839,0.005492,2,94.098244,39.502869,0.005492
4,111.720001,39.478260,0.008239,3,102.167740,39.491589,0.008239
6,127.440002,39.490685,0.012355,4,113.751671,39.491173,0.012355
8,151.059998,39.509315,0.018540,6,130.858475,39.499489,0.018540
13,186.520004,39.531055,0.027810,9,156.382202,39.513958,0.027810
22,239.789993,39.521740,0.041700,15,194.616547,39.517525,0.041700
37,310.119995,39.465839,0.055040,25,247.544052,39.493832,0.055040
58,386.670013,39.363354,0.060000,40,311.274719,39.434025,0.060000
83,462.950012,39.149067,0.060000,59,380.709106,39.303406,0.060000
97,497.500000,39.177017,0.027290,76,434.203247,39.245472,0.027290
108,525.239990,39.077641,0.021970,91,475.879333,39.168541,0.021970
119,552.020020,38.950310,0.021280,103,510.711639,39.068508,0.021280
133,582.880005,38.751553,0.024610,117,543.692078,38.923225,0.024610
156,628.840027,38.242237,0.036910,135,582.507629,38.611080,0.036910
180,675.500000,37.714287,0.037950,155,624.851013,38.200012,0.037950
192,696.419983,37.596272,0.017190,172,657.466614,37.923275,0.017190
204,717.380005,37.319878,0.017340,186,684.739685,37.646694,0.017340
221,744.640015,36.900620,0.022750,202,711.961914,37.304714,0.022750
247,784.969971,36.204967,0.034110,222,745.081238,36.800621,0.034110
264,809.070007,35.900620,0.020680,241,774.129150,36.388084,0.020680
276,826.890015,35.633541,0.015430,257,798.076172,36.042221,0.015430
291,846.489990,35.285713,0.017130,272,820.030029,35.695457,0.017130
313,875.530029,34.701862,0.025690,291,845.157471,35.240021,0.025690
346,916.719971,33.804348,0.037150,316,877.508606,34.581947,0.037150
359,932.679993,33.608696,0.014650,335,902.491821,34.135834,0.014650
378,953.929993,33.099380,0.019730,355,925.743958,33.660751,0.019730
407,985.210022,32.291927,0.029590,378,952.571411,33.033318,0.029590
422,1000.799988,32.003105,0.015030,398,974.354309,32.561096,0.015030
436,1015.299988,31.670807,0.014090,415,992.842896,32.153011,0.014090
457,1036.400024,31.127329,0.020770,434,1012.485962,31.682865,0.020770
490,1067.300049,30.283541,0.031150,460,1037.171509,31.041452,0.031150
504,1080.199951,30.053106,0.013220,480,1056.583984,30.588421,0.013220
524,1098.000000,29.525465,0.018530,500,1075.233887,30.101191,0.018530
555,1124.099976,28.514906,0.027780,525,1097.134277,29.374079,0.027780
571,1136.699951,28.012112,0.013680,546,1114.842041,28.749788,0.013680
594,1155.000000,27.161491,0.020520,568,1132.750244,28.021755,0.020520
630,1181.500000,26.026709,0.030770,596,1154.468750,27.107279,0.030770
657,1200.199951,25.445652,0.022400,624,1174.908447,26.345633,0.022400
698,1227.400024,24.553726,0.033600,658,1198.406006,25.524269,0.033600
750,1260.699951,23.648136,0.042500,700,1226.370239,24.664299,0.042500
827,1306.099976,22.635094,0.060000,758,1262.278442,23.734165,0.060000
894,1342.599976,22.212112,0.049900,820,1298.617310,23.036497,0.049900
898,1344.800049,22.496895,0.003000,856,1319.616699,22.789158,0.003000
902,1347.000000,22.455280,0.003000,877,1332.063599,22.636118,0.003000
908,1350.199951,22.373602,0.004500,891,1340.294312,22.515787,0.004500
917,1355.099976,22.257143,0.006700,903,1346.999512,22.397232,0.006700
921,1357.199951,22.237267,0.003000,911,1351.624878,22.323908,0.003000
925,1359.400024,22.195652,0.003000,917,1355.148438,22.265120,0.003000
929,1361.500000,22.159939,0.003000,922,1358.026733,22.216908,0.003000
933,1363.599976,22.131678,0.003000,927,1360.554565,22.177841,0.003000
937,1365.800049,22.111179,0.003000,931,1362.937988,22.147285,0.003000
941,1367.900024,22.097826,0.003000,936,1365.196899,22.124615,0.003000
945,1370.099976,22.089752,0.003000,940,1367.433350,22.108635,0.003000
950,1372.199951,22.085093,0.003000,944,1369.610840,22.097843,0.003000
954,1374.300049,22.081057,0.003000,948,1371.755005,22.090149,0.003000
960,1377.500000,22.062733,0.004500,954,1374.379761,22.077581,0.004500
969,1382.199951,22.014286,0.006700,960,1377.944458,22.048569,0.006700
973,1384.400024,22.013353,0.003000,966,1380.892456,22.032427,0.003000
977,1386.500000,21.987267,0.003000,971,1383.448608,22.011726,0.003000
982,1388.599976,21.959316,0.003000,976,1385.793335,21.987703,0.003000
986,1390.699951,21.930435,0.003000,980,1388.024414,21.961452,0.003000
990,1392.900024,21.900621,0.003000,984,1390.240112,21.933569,0.003000
994,1395.000000,21.869566,0.003000,989,1392.401855,21.904232,0.003000
998,1397.099976,21.836956,0.003000,993,1394.534180,21.873394,0.003000
1002,1399.199951,21.801863,0.003000,997,1396.650391,21.840607,0.003000
1007,1401.400024,21.760870,0.003100,1001,1398.802490,21.804058,0.003100
1014,1404.699951,21.672981,0.004800,1007,1401.464478,21.743977,0.004800
1023,1409.699951,21.534161,0.007100,1014,1405.173462,21.647802,0.007100
1028,1411.699951,21.509626,0.003000,1020,1408.121582,21.584467,0.003000
1032,1413.800049,21.463976,0.003000,1025,1410.686523,21.529238,0.003000
1036,1415.900024,21.423914,0.003000,1030,1413.043091,21.480961,0.003000
1040,1418.000000,21.389751,0.003000,1034,1415.286499,21.439154,0.003000
1045,1420.000000,21.361179,0.003000,1039,1417.422485,21.403412,0.003000
1049,1422.099976,21.336956,0.003000,1043,1419.545654,21.372950,0.003000
1053,1424.199951,21.312422,0.003000,1048,1421.660034,21.345205,0.003000
1058,1426.500000,21.271429,0.003400,1052,1423.855347,21.311388,0.003400
1066,1430.099976,21.200001,0.005300,1058,1426.682739,21.260330,0.005300
1077,1435.500000,21.079193,0.007800,1067,1430.667358,21.177301,0.007800
1081,1437.500000,21.064907,0.003000,1073,1433.763916,21.125782,0.003000
1086,1439.500000,21.018633,0.003000,1079,1436.359497,21.076668,0.003000
1090,1441.599976,20.970497,0.003000,1084,1438.728271,21.028002,0.003000
1094,1443.599976,20.920807,0.003000,1088,1440.927612,20.978867,0.003000
1099,1445.599976,20.869255,0.003000,1093,1443.034790,20.928623,0.003000
1103,1447.599976,20.808695,0.003000,1097,1445.089600,20.873652,0.003000
1108,1450.099976,20.725466,0.003700,1102,1447.339600,20.805727,0.003700
1116,1453.900024,20.590683,0.005600,1108,1450.279175,20.707157,0.005600
1127,1458.699951,20.400621,0.007300,1117,1454.042725,20.566648,0.007300
1131,1460.699951,20.363043,0.003000,1123,1457.030273,20.473322,0.003000
1136,1462.599976,20.295963,0.003000,1129,1459.527588,20.392025,0.003000
1140,1464.599976,20.233540,0.003000,1134,1461.802856,20.319380,0.003000
1145,1466.500000,20.175776,0.003000,1139,1463.910767,20.253555,0.003000
1149,1468.500000,20.120808,0.003000,1143,1465.972656,20.192707,0.003000
1154,1470.599976,20.060869,0.003300,1148,1468.052246,20.132277,0.003300
1161,1473.800049,19.962112,0.004900,1154,1470.633423,20.054277,0.004900
1172,1478.500000,19.806211,0.007400,1162,1474.161255,19.940571,0.007400
1177,1480.800049,19.764906,0.003600,1169,1477.149048,19.860050,0.003600
1182,1482.699951,19.707453,0.003000,1174,1479.645508,19.790104,0.003000
1186,1484.599976,19.644100,0.003000,1180,1481.870605,19.723179,0.003000
1191,1486.500000,19.578571,0.003000,1185,1483.947144,19.656895,0.003000
1195,1488.400024,19.511181,0.003000,1189,1485.942383,19.590103,0.003000
1200,1490.400024,19.434471,0.003200,1194,1487.936768,19.518766,0.003200
1207,1493.400024,19.309628,0.004800,1200,1490.375244,19.422903,0.004800
1218,1497.800049,19.082298,0.007100,1208,1493.671509,19.266779,0.007100
1225,1500.699951,18.831987,0.004700,1215,1496.756470,19.067482,0.004700
1229,1502.599976,18.607454,0.003100,1221,1499.290405,18.856617,0.003100
1234,1504.400024,18.332298,0.003000,1227,1501.467773,18.616283,0.003000
1238,1506.199951,18.055279,0.003000,1232,1503.460571,18.359133,0.003000
1243,1508.000000,17.762733,0.003200,1237,1505.353882,18.085758,0.003200
1249,1510.199951,17.372049,0.003900,1242,1507.350830,17.758614,0.003900
1258,1513.500000,16.753727,0.005900,1249,1509.853638,17.298000,0.005900
1271,1518.300049,15.701552,0.008900,1259,1513.223511,16.566231,0.008900
1277,1520.099976,15.579503,0.003500,1267,1516.065308,16.113941,0.003500
1282,1521.699951,15.172670,0.003200,1274,1518.352295,15.682487,0.003200
1287,1523.300049,14.731988,0.003300,1280,1520.321411,15.246803,0.003300
1292,1525.099976,14.197826,0.003700,1285,1522.182129,14.765980,0.003700
1300,1527.500000,13.363044,0.005400,1292,1524.178711,14.122910,0.005400
1313,1530.900024,12.014907,0.008000,1301,1526.597046,13.156657,0.008000
1321,1532.900024,11.368323,0.005200,1310,1528.924072,12.336932,0.005200
1326,1534.300049,10.836025,0.003700,1317,1530.916504,11.648956,0.003700
1332,1535.599976,10.204348,0.003600,1324,1532.609253,10.986786,0.003600
1338,1536.900024,9.436646,0.004200,1330,1534.088867,10.276242,0.004200
1348,1538.699951,8.228882,0.006000,1338,1535.558960,9.337786,0.006000
1361,1541.099976,6.403106,0.009000,1348,1537.176392,7.992606,0.009000
1369,1542.199951,5.871739,0.005100,1358,1538.812500,7.020456,0.005100
1376,1542.900024,5.299068,0.004100,1366,1540.145020,6.231418,0.004100
1382,1543.699951,4.610249,0.004400,1373,1541.265015,5.488317,0.004400
1392,1544.599976,3.551863,0.006200,1381,1542.185059,4.600698,0.006200
1406,1545.599976,1.933261,0.009100,1392,1542.911987,3.378015,0.009100
1416,1546.000000,1.257516,0.006100,1403,1543.661011,2.406034,0.006100
1423,1546.199951,0.654938,0.004700,1412,1544.274414,1.603378,0.004700
1431,1546.300049,-0.179693,0.005400,1420,1544.642456,0.786065,0.005400
1444,1546.199951,-1.554814,0.008100,1431,1544.620605,-0.286932,0.008100
1462,1545.500000,-3.709006,0.012000,1445,1543.948120,-1.855521,0.012000
1471,1544.900024,-4.161180,0.005800,1457,1543.659790,-2.912374,0.005800
1483,1543.900024,-5.816460,0.007500,1469,1542.857178,-4.243530,0.007500
1500,1541.699951,-8.410870,0.011200,1483,1541.016968,-6.153729,0.011200
1512,1539.699951,-9.532919,0.007600,1496,1539.351196,-7.702661,0.007600
1523,1537.500000,-10.871739,0.007100,1508,1537.506592,-9.155283,0.007100
1539,1533.699951,-12.968323,0.010700,1522,1534.563232,-10.903080,0.010700
1558,1528.599976,-15.021739,0.012300,1538,1530.535278,-12.790965,0.012300
1572,1524.300049,-16.156212,0.009000,1554,1526.619507,-14.333506,0.009000
1592,1517.199951,-18.632298,0.013400,1571,1520.950684,-16.303959,0.013400
1608,1510.900024,-20.045031,0.010700,1588,1515.167847,-18.018768,0.010700
1629,1502.199951,-21.952484,0.013500,1606,1507.987305,-19.821880,0.013500
1659,1487.900024,-23.520807,0.020200,1630,1497.617188,-21.517370,0.020200
1703,1465.000000,-24.515528,0.030200,1663,1481.723999,-22.891647,0.030200
1720,1456.199951,-24.848759,0.011100,1689,1469.409302,-23.788736,0.011100
1744,1442.900024,-25.496895,0.016700,1714,1456.721313,-24.571711,0.016700
1770,1428.199951,-26.053726,0.018100,1739,1443.182129,-25.251028,0.018100
1808,1405.699951,-25.672981,0.027100,1771,1425.868652,-25.444441,0.027100
1865,1372.400024,-25.150311,0.040700,1814,1401.452515,-25.309620,0.040700
1922,1338.699951,-24.709627,0.042000,1863,1372.876953,-25.034599,0.042000
1926,1336.000000,-24.678261,0.003400,1892,1356.085571,-24.871264,0.003400
1931,1332.800049,-24.642546,0.003900,1909,1345.484009,-24.766426,0.003900
1939,1328.300049,-24.593479,0.005700,1923,1337.661743,-24.687151,0.005700
1950,1321.500000,-24.521429,0.008600,1935,1330.305664,-24.611189,0.008600
1959,1316.300049,-24.460249,0.006700,1946,1323.933350,-24.542002,0.006700
1965,1313.000000,-24.417080,0.004200,1954,1318.961060,-24.484741,0.004200
1970,1309.800049,-24.372982,0.004000,1961,1314.796997,-24.433514,0.004000
1976,1306.400024,-24.320187,0.004400,1968,1310.983643,-24.381567,0.004400
1983,1302.199951,-24.249378,0.005400,1975,1306.999023,-24.320974,0.005400
1993,1295.800049,-24.142857,0.008100,1983,1301.921631,-24.239330,0.008100
2009,1286.400024,-23.990063,0.012100,1995,1294.885254,-24.125072,0.012100
2016,1282.500000,-23.920807,0.005200,2004,1289.272339,-24.031443,0.005200
2022,1278.699951,-23.853727,0.004900,2012,1284.482056,-23.949982,0.004900
2029,1274.300049,-23.779192,0.005700,2020,1279.868530,-23.871696,0.005700
2040,1267.800049,-23.669876,0.008500,2029,1274.400146,-23.779188,0.008500
2056,1258.099976,-23.485714,0.012700,2041,1267.020874,-23.644667,0.012700
2064,1253.400024,-23.382608,0.006400,2051,1260.859741,-23.524546,0.006400
2071,1249.000000,-23.284472,0.005800,2060,1255.499023,-23.414501,0.005800
2080,1244.000000,-23.170187,0.006600,2069,1250.304932,-23.302513,0.006600
2092,1236.699951,-22.977951,0.009900,2079,1244.170776,-23.153742,0.009900
2110,1225.699951,-22.681055,0.014900,2093,1235.852783,-22.937075,0.014900
2119,1220.699951,-22.548758,0.006900,2105,1229.029175,-22.759081,0.006900
2127,1215.699951,-22.408695,0.006900,2115,1223.029541,-22.598473,0.006900
2139,1208.800049,-22.210869,0.009600,2126,1216.628906,-22.420805,0.009600
2156,1198.500000,-21.920187,0.014500,2139,1208.476440,-22.191336,0.014500
2168,1191.599976,-21.691305,0.009800,2152,1200.897827,-21.962135,0.009800
2177,1186.000000,-21.490683,0.008100,2163,1194.217285,-21.746035,0.008100
2189,1179.000000,-21.240063,0.010100,2175,1187.401123,-21.514111,0.010100
2207,1168.699951,-20.836956,0.015300,2189,1179.041870,-21.203720,0.015300
2222,1160.300049,-20.490374,0.012600,2204,1170.675293,-20.876741,0.012600
2233,1153.900024,-20.233540,0.009800,2217,1163.188110,-20.581915,0.009800
2250,1144.699951,-19.816460,0.014300,2232,1154.954224,-20.231050,0.014300
2274,1131.199951,-19.194410,0.021400,2251,1144.391724,-19.755882,0.021400
2288,1123.699951,-18.801863,0.012200,2268,1135.207031,-19.318584,0.012200
2308,1112.900024,-18.222050,0.018200,2286,1125.326782,-18.815962,0.018200
2338,1097.300049,-17.567081,0.027200,2310,1112.872559,-18.243507,0.027200
2362,1085.099976,-17.156832,0.021700,2333,1100.483887,-17.745403,0.021700
2397,1067.500000,-16.565529,0.032500,2362,1085.735840,-17.204580,0.032500
2444,1044.099976,-15.804658,0.044800,2400,1067.091064,-16.562893,0.044800
2506,1014.500000,-14.874224,0.060000,2448,1043.515503,-15.788852,0.060000
2543,997.049988,-14.350310,0.037100,2491,1022.669067,-15.129462,0.037100
2575,982.390015,-13.888199,0.032300,2529,1004.596375,-14.560500,0.032300
2622,961.260010,-13.244100,0.048400,2572,985.145874,-13.957097,0.048400
2679,936.400024,-12.512112,0.060000,2621,963.256226,-13.294754,0.060000
2735,912.880005,-11.844410,0.060000,2673,940.620972,-12.629954,0.060000
2780,894.059998,-11.332609,0.050400,2722,919.686401,-12.035286,0.050400
2833,872.719971,-10.770186,0.060000,2773,898.555847,-11.455398,0.060000
2885,852.419983,-10.251553,0.060000,2824,877.786743,-10.903586,0.060000
2936,833.080017,-9.776087,0.060000,2875,857.648743,-10.386770,0.060000
2985,814.619995,-9.337267,0.060000,2925,838.255371,-9.905705,0.060000
3033,796.979980,-8.931056,0.060000,2974,819.642151,-9.458952,0.060000
3081,780.090027,-8.553105,0.060000,3023,801.797241,-9.043736,0.060000
3127,763.909973,-8.203106,0.060000,3070,784.694946,-8.658413,0.060000
3172,748.380005,-7.876398,0.060000,3117,768.294922,-8.299957,0.060000
3217,733.460022,-7.571118,0.060000,3162,752.556580,-7.965877,0.060000
3260,719.109985,-7.286646,0.060000,3207,737.439026,-7.654535,0.060000
3303,705.299988,-7.018013,0.060000,3251,722.907410,-7.362770,0.060000
3345,691.979980,-6.768013,0.060000,3294,708.918030,-7.090149,0.060000
3386,679.140015,-6.532609,0.060000,3336,695.443787,-6.834587,0.060000
3426,666.729980,-6.311180,0.060000,3377,682.446655,-6.594671,0.060000
3466,654.739990,-6.101863,0.060000,3418,669.901550,-6.368781,0.060000
3505,643.150024,-5.903416,0.060000,3457,657.785645,-6.155470,0.060000
3543,631.919983,-5.717702,0.060000,3496,646.067078,-5.954809,0.060000
3581,621.049988,-5.541615,0.060000,3535,634.729797,-5.765411,0.060000
3618,610.510010,-5.372982,0.060000,3573,623.751404,-5.585532,0.060000
3654,600.280029,-5.214596,0.060000,3610,613.109314,-5.415504,0.060000
3690,590.349976,-5.062733,0.060000,3646,602.787903,-5.253803,0.060000
3725,580.710022,-4.918944,0.060000,3682,592.773254,-5.100313,0.060000
3760,571.340027,-4.784782,0.060000,3718,583.047974,-4.955682,0.060000
3794,562.219971,-4.653727,0.060000,3752,573.595886,-4.817274,0.060000
3827,553.349976,-4.528261,0.060000,3786,564.406555,-4.684798,0.060000
3860,544.719971,-4.410559,0.060000,3820,555.468933,-4.559094,0.060000
3892,536.309998,-4.298137,0.060000,3853,546.768982,-4.439478,0.060000
3924,528.109985,-4.189441,0.060000,3885,538.294800,-4.324868,0.060000
3956,520.119995,-4.085404,0.060000,3917,530.039185,-4.215104,0.060000
3987,512.320007,-3.987267,0.060000,3949,521.988770,-4.110669,0.060000
4017,504.709991,-3.893168,0.060000,3980,514.137024,-4.010972,0.060000
4047,497.269989,-3.801863,0.060000,4010,506.471344,-3.915122,0.060000
4077,490.010010,-3.714596,0.060000,4041,498.988922,-3.823206,0.060000
4106,482.920013,-3.630435,0.060000,4070,491.683960,-3.734845,0.060000
4135,475.980011,-3.550621,0.060000,4100,484.543579,-3.650402,0.060000
4163,469.200012,-3.472981,0.060000,4129,477.566254,-3.569077,0.060000
4191,462.559998,-3.399068,0.060000,4157,470.741211,-3.491149,0.060000
4219,456.059998,-3.328261,0.060000,4185,464.062927,-3.416486,0.060000
4246,449.700012,-3.259627,0.060000,4213,457.528656,-3.344586,0.060000
4273,443.470001,-3.192547,0.060000,4240,451.132324,-3.274895,0.060000
4299,437.359985,-3.128882,0.060000,4267,444.865326,-3.207967,0.060000
4325,431.380005,-3.067329,0.060000,4293,438.728210,-3.143502,0.060000
4351,425.510010,-3.007733,0.060000,4320,432.712006,-3.081269,0.060000
4376,419.750000,-2.950310,0.060000,4345,426.811737,-3.021241,0.060000
4401,414.109985,-2.895963,0.060000,4371,421.028961,-2.963817,0.060000
4426,408.559998,-2.843012,0.060000,4396,415.351501,-2.908443,0.060000
4450,403.119995,-2.791056,0.060000,4420,409.781799,-2.854636,0.060000
4474,397.779999,-2.740590,0.060000,4445,404.316345,-2.802360,0.060000
4498,392.529999,-2.692267,0.060000,4469,398.948395,-2.751897,0.060000
4521,387.369995,-2.645777,0.060000,4493,393.674530,-2.703254,0.060000
4545,382.299988,-2.601087,0.060000,4516,388.492859,-2.656423,0.060000
4567,377.320007,-2.557112,0.060000,4539,383.402740,-2.610902,0.060000
4590,372.420013,-2.515000,0.060000,4562,378.398682,-2.566943,0.060000
4612,367.600006,-2.474503,0.060000,4585,373.477905,-2.524571,0.060000
4634,362.859985,-2.434224,0.060000,4607,368.639313,-2.483158,0.060000
4656,358.200012,-2.395342,0.060000,4629,363.881805,-2.442905,0.060000
4677,353.600006,-2.358168,0.060000,4651,359.195526,-2.404064,0.060000
4698,349.079987,-2.322546,0.060000,4672,354.584442,-2.366699,0.060000
4719,344.630005,-2.287236,0.060000,4693,350.046570,-2.330275,0.060000
4739,340.239990,-2.252888,0.060000,4714,345.575806,-2.294803,0.060000
4760,335.920013,-2.219348,0.060000,4735,341.173553,-2.260216,0.060000
4780,331.670013,-2.187174,0.060000,4755,336.840332,-2.226736,0.060000
4799,327.470001,-2.156584,0.060000,4775,332.567261,-2.194580,0.060000
4819,323.329987,-2.126615,0.060000,4795,328.354492,-2.163426,0.060000
4838,319.250000,-2.096956,0.060000,4814,324.202118,-2.132958,0.060000
4857,315.230011,-2.068571,0.060000,4834,320.109772,-2.103445,0.060000
4876,311.260010,-2.040621,0.060000,4853,316.073029,-2.074648,0.060000
4895,307.350006,-2.012795,0.060000,4872,312.094055,-2.046296,0.060000
4913,303.480011,-1.985466,0.060000,4891,308.164734,-2.018413,0.060000
4931,299.670013,-1.960279,0.060000,4909,304.289246,-1.991766,0.060000
4949,295.910004,-1.936366,0.060000,4927,300.465820,-1.966372,0.060000
4967,292.190002,-1.913074,0.060000,4945,296.689148,-1.941942,0.060000
4984,288.519989,-1.889224,0.060000,4963,292.961182,-1.917777,0.060000
5001,284.890015,-1.865466,0.060000,4980,289.278015,-1.893799,0.060000
5018,281.309998,-1.841615,0.060000,4997,285.642090,-1.869879,0.060000
5035,277.769989,-1.819410,0.060000,5014,282.049591,-1.846745,0.060000
5051,274.279999,-1.799068,0.060000,5031,278.503204,-1.824892,0.060000
5068,270.820007,-1.779565,0.060000,5048,274.995667,-1.804115,0.060000
5084,267.399994,-1.761397,0.060000,5064,271.527435,-1.784534,0.060000
5100,264.010010,-1.742329,0.060000,5080,268.094910,-1.765189,0.060000
5115,260.750000,-1.722081,0.058600,5096,264.741760,-1.745429,0.058600
5131,257.440002,-1.700590,0.060000,5112,261.408905,-1.724876,0.060000
5146,254.179993,-1.681304,0.060000,5127,258.109070,-1.704904,0.060000
5160,251.250000,-1.665280,0.054200,5142,254.977509,-1.686741,0.054200
5174,248.160004,-1.649068,0.057900,5156,251.864380,-1.669473,0.057900
5189,244.990005,-1.633975,0.060000,5171,248.724503,-1.653202,0.060000
5204,241.850006,-1.618944,0.060000,5186,245.584183,-1.637499,0.060000
5218,238.729996,-1.603199,0.060000,5200,242.453186,-1.621777,0.060000
5232,235.649994,-1.586366,0.060000,5215,239.345917,-1.605546,0.060000
5246,232.610001,-1.568944,0.060000,5229,236.269852,-1.588768,0.060000
5260,229.589996,-1.552795,0.060000,5243,233.219284,-1.572279,0.060000
5274,226.610001,-1.537640,0.060000,5257,230.200653,-1.556401,0.060000
5288,223.649994,-1.523571,0.060000,5271,227.208328,-1.541353,0.060000
5301,220.720001,-1.509752,0.060000,5284,224.244186,-1.526868,0.060000
5314,217.809998,-1.497267,0.060000,5298,221.304230,-1.513300,0.060000
5327,214.929993,-1.484658,0.060000,5311,218.391449,-1.500171,0.060000
5340,212.080002,-1.472702,0.060000,5324,215.507080,-1.487580,0.060000
5352,209.240005,-1.459472,0.060000,5337,212.643250,-1.474696,0.060000
5365,206.440002,-1.445745,0.060000,5349,209.808945,-1.461426,0.060000
5377,203.660004,-1.433075,0.060000,5362,206.999344,-1.448430,0.060000
5389,200.899994,-1.420621,0.060000,5374,204.212296,-1.435683,0.060000
5401,198.169998,-1.408540,0.060000,5386,201.451202,-1.423242,0.060000
5413,195.460007,-1.396770,0.060000,5398,198.713318,-1.411108,0.060000
5425,192.770004,-1.385683,0.060000,5410,195.997055,-1.399454,0.060000
5436,190.100006,-1.375217,0.060000,5422,193.301620,-1.388345,0.060000
5448,187.460007,-1.364472,0.060000,5434,190.631485,-1.377402,0.060000
5459,184.830002,-1.354783,0.060000,5445,187.979340,-1.367034,0.060000
5470,182.220001,-1.345155,0.060000,5456,185.346283,-1.357005,0.060000
5481,179.630005,-1.335404,0.060000,5467,182.732880,-1.347104,0.060000
5491,177.059998,-1.325124,0.060000,5478,180.139481,-1.337029,0.060000
5502,174.509995,-1.315683,0.060000,5489,177.565781,-1.327245,0.060000
5512,171.979996,-1.306553,0.060000,5499,175.011902,-1.317760,0.060000
5522,169.460007,-1.297298,0.060000,5509,172.473495,-1.308381,0.060000
5533,166.960007,-1.287888,0.060000,5520,169.952698,-1.298988,0.060000
5543,164.479996,-1.279410,0.060000,5530,167.450302,-1.290014,0.060000
5552,162.020004,-1.271056,0.060000,5540,164.967148,-1.281324,0.060000
5562,159.570007,-1.262516,0.060000,5550,162.499146,-1.272703,0.060000
5571,157.139999,-1.254255,0.060000,5559,160.048447,-1.264247,0.060000
5581,154.729996,-1.245776,0.060000,5569,157.616409,-1.255780,0.060000
5590,152.330002,-1.237764,0.060000,5578,155.198929,-1.247522,0.060000
5599,149.940002,-1.230311,0.060000,5588,152.793793,-1.239633,0.060000
5608,147.570007,-1.223261,0.059900,5597,150.404495,-1.232128,0.059900
5617,145.220001,-1.216553,0.060000,5606,148.032959,-1.224989,0.060000
5625,142.869995,-1.209379,0.060000,5614,145.671295,-1.217834,0.060000
5634,140.539993,-1.203043,0.060000,5623,143.323883,-1.211054,0.060000
5642,138.229996,-1.196211,0.060000,5632,140.993637,-1.204251,0.060000
5651,135.919998,-1.189845,0.060000,5640,138.672546,-1.197647,0.060000
5659,133.630005,-1.183385,0.060000,5649,136.365662,-1.191110,0.060000
5667,131.350006,-1.177267,0.060000,5657,134.070969,-1.184765,0.060000
5674,129.080002,-1.170776,0.060000,5664,131.787643,-1.178353,0.060000
5682,126.820000,-1.164037,0.060000,5672,129.515106,-1.171791,0.060000
5690,124.580002,-1.157453,0.060000,5680,127.257492,-1.165219,0.060000
5697,122.349998,-1.151460,0.060000,5688,125.012352,-1.158912,0.060000
5704,120.129997,-1.145838,0.060000,5695,122.778519,-1.152920,0.060000
5711,117.919998,-1.140280,0.060000,5702,120.555473,-1.147126,0.060000
5718,115.730003,-1.134969,0.060000,5709,118.347427,-1.141553,0.060000
5725,113.540001,-1.129845,0.060000,5716,116.147507,-1.136186,0.060000
5732,111.360001,-1.125031,0.060000,5723,113.956543,-1.131073,0.060000
5739,109.190002,-1.120342,0.060000,5730,111.775063,-1.126154,0.060000
5745,107.029999,-1.115714,0.060000,5737,109.603333,-1.121369,0.060000
5752,104.879997,-1.111491,0.060000,5744,107.441383,-1.116841,0.060000
5758,102.739998,-1.107081,0.060000,5750,105.289459,-1.112367,0.060000
5764,100.599998,-1.102174,0.060000,5756,103.143135,-1.107695,0.060000
5770,98.476997,-1.097360,0.060000,5762,101.007545,-1.102958,0.060000
5776,96.361000,-1.093385,0.060000,5768,98.880699,-1.098570,0.060000
5781,94.251999,-1.089286,0.060000,5774,96.761940,-1.094314,0.060000
5787,92.152000,-1.085217,0.060000,5780,94.651726,-1.090145,0.060000
5792,90.058998,-1.081273,0.060000,5785,92.549332,-1.086078,0.060000
5798,87.973999,-1.077453,0.060000,5791,90.454834,-1.082125,0.060000
5803,85.896004,-1.073354,0.060000,5796,88.367943,-1.078104,0.060000
5808,83.825996,-1.069441,0.060000,5801,86.288757,-1.074133,0.060000
5813,81.764000,-1.065621,0.060000,5806,84.217400,-1.070232,0.060000
5818,79.708000,-1.062267,0.060000,5812,82.152916,-1.066581,0.060000
5823,77.658997,-1.058913,0.060000,5817,80.095428,-1.063066,0.060000
5827,75.615997,-1.055932,0.060000,5821,78.044418,-1.059796,0.060000
5832,73.579002,-1.052919,0.060000,5826,75.999748,-1.056644,0.060000
5836,71.547997,-1.049658,0.060000,5830,73.961380,-1.053442,0.060000
5840,69.523003,-1.046553,0.060000,5835,71.929108,-1.050284,0.060000
5844,67.503998,-1.043944,0.060000,5839,69.902748,-1.047378,0.060000
5848,65.489998,-1.041118,0.060000,5843,67.882027,-1.044509,0.060000
5852,63.480000,-1.038944,0.060000,5847,65.866005,-1.041958,0.060000
5856,61.476002,-1.036087,0.060000,5851,63.855587,-1.039267,0.060000
5860,59.477001,-1.033727,0.060000,5855,61.850300,-1.036727,0.060000
5863,57.481998,-1.031087,0.060000,5858,59.849758,-1.034142,0.060000
5867,55.492001,-1.028696,0.060000,5862,57.853989,-1.031646,0.060000
5870,53.507000,-1.026397,0.060000,5865,55.863094,-1.029240,0.060000
5873,51.526001,-1.023758,0.060000,5869,53.876808,-1.026727,0.060000
5876,49.550999,-1.021429,0.060000,5872,51.895638,-1.024298,0.060000
5879,47.578999,-1.019379,0.060000,5875,49.918549,-1.022043,0.060000
5882,45.612000,-1.017888,0.060000,5878,47.945847,-1.020139,0.060000
5884,43.646000,-1.016553,0.060000,5880,45.976036,-1.018495,0.060000
5887,41.683998,-1.014907,0.060000,5883,44.009808,-1.016850,0.060000
5889,39.723999,-1.013385,0.060000,5886,42.046394,-1.015262,0.060000
5892,37.768002,-1.012050,0.060000,5888,40.086300,-1.013790,0.060000
5894,35.813999,-1.010280,0.060000,5891,38.129093,-1.012181,0.060000
5896,33.863998,-1.009068,0.060000,5893,36.175064,-1.010754,0.060000
5898,31.915001,-1.007857,0.060000,5895,34.223274,-1.009426,0.060000
5900,29.969000,-1.006429,0.060000,5897,32.274170,-1.008052,0.060000
5902,28.025999,-1.005186,0.060000,5899,30.327822,-1.006739,0.060000
5903,26.084999,-1.003944,0.060000,5901,28.383902,-1.005458,0.060000
5905,24.146999,-1.002733,0.060000,5902,26.442673,-1.004209,0.060000
5906,22.211000,-1.001770,0.060000,5904,24.503752,-1.003091,0.060000
5907,20.275999,-1.000590,0.060000,5905,22.566647,-1.001945,0.060000
5909,18.344000,-0.999658,0.060000,5907,20.631815,-1.000897,0.060000
5910,16.414000,-0.998727,0.060000,5908,18.699162,-0.999902,0.060000
5911,14.485000,-0.997826,0.060000,5909,16.768154,-0.998950,0.060000
5911,12.558000,-0.996708,0.060000,5910,14.839035,-0.997923,0.060000
5912,10.634000,-0.995590,0.060000,5911,12.912291,-0.996853,0.060000
5913,8.711300,-0.994534,0.060000,5911,10.987396,-0.995790,0.060000
5913,6.790200,-0.994130,0.060000,5912,9.064034,-0.995030,0.060000
5913,4.871000,-0.992484,0.060000,5912,7.142857,-0.993863,0.060000
5914,2.953700,-0.996025,0.060000,5913,5.221978,-0.994854,0.060000
5914,1.029600,-0.995745,0.060000,5913,3.300022,-0.995263,0.060000
5914,-0.894070,-0.995714,0.060000,5913,1.377419,-0.995470,0.060000
5914,-2.817400,-0.995311,0.060000,5913,-0.545326,-0.995397,0.060000
5913,-4.548300,-0.964130,0.056000,5913,-2.370357,-0.981065,0.056000
5913,-6.180900,-0.939814,0.054000,5913,-4.104044,-0.962157,0.054000
5913,-7.811900,-0.911553,0.055000,5913,-5.787723,-0.938961,0.055000
5912,-9.441200,-0.878509,0.058000,5912,-7.443380,-0.911252,0.058000
5912,-11.068000,-0.837733,0.060000,5912,-9.081703,-0.877553,0.060000
5911,-12.687000,-0.786739,0.064000,5911,-10.705733,-0.835926,0.064000
5910,-14.298000,-0.730217,0.069000,5910,-12.319109,-0.787472,0.069000
5909,-15.910000,-0.673944,0.074000,5910,-13.929397,-0.735434,0.074000
5907,-17.514000,-0.604907,0.082000,5908,-15.531459,-0.675604,0.082000
5906,-19.101999,-0.527329,0.094000,5907,-17.121498,-0.607639,0.094000
5904,-20.666000,-0.443602,0.109000,5905,-18.694647,-0.532449,0.109000
5901,-22.214001,-0.357205,0.135000,5903,-20.252747,-0.452122,0.135000
5897,-23.749001,-0.264683,0.180000,5900,-21.796425,-0.366205,0.180000
5890,-25.070999,-0.159447,0.257000,5895,-23.232418,-0.271433,0.257000
5880,-25.980000,-0.067025,0.422000,5888,-24.427591,-0.177737,0.422000
5867,-26.018999,-0.002424,0.500000,5878,-25.101950,-0.097378,0.500000
5854,-26.014000,0.000315,0.500000,5867,-25.489304,-0.052598,0.500000
5841,-26.016001,-0.000126,0.500000,5855,-25.714235,-0.028546,0.500000
5828,-26.011999,0.000256,0.500000,5842,-25.841669,-0.015344,0.500000
5815,-26.006001,0.000347,0.500000,5830,-25.912062,-0.008152,0.500000
5802,-25.981001,0.001578,0.500000,5817,-25.940603,-0.003692,0.500000
5789,-26.002001,-0.001332,0.500000,5804,-25.968004,-0.002610,0.500000
5776,-25.989000,0.000789,0.500000,5791,-25.976561,-0.001052,0.500000
5763,-25.988001,0.000112,0.500000,5778,-25.981440,-0.000519,0.500000
5750,-25.976000,0.000752,0.500000,5765,-25.978546,0.000064,0.500000
5737,-25.978001,-0.000157,0.500000,5752,-25.978365,-0.000037,0.500000
5724,-25.971001,0.000409,0.500000,5739,-25.974850,0.000167,0.500000
5711,-25.955000,0.001018,0.500000,5726,-25.965485,0.000557,0.500000
5698,-25.962999,-0.000476,0.500000,5713,-25.964670,0.000084,0.500000
5685,-25.952999,0.000585,0.500000,5700,-25.959164,0.000314,0.500000
5672,-25.948999,0.000252,0.500000,5687,-25.954523,0.000285,0.500000
5659,-25.934999,0.000891,0.500000,5674,-25.945383,0.000563,0.500000
5646,-25.941000,-0.000400,0.500000,5661,-25.943676,0.000121,0.500000
5633,-25.934999,0.000394,0.500000,5648,-25.939613,0.000246,0.500000
5620,-25.924999,0.000650,0.500000,5635,-25.932787,0.000432,0.500000
5607,-25.917999,0.000429,0.500000,5622,-25.926010,0.000431,0.500000
5594,-25.922001,-0.000260,0.500000,5609,-25.924389,0.000114,0.500000
5581,-25.913000,0.000551,0.500000,5596,-25.919031,0.000314,0.500000
5568,-25.910999,0.000100,0.500000,5583,-25.915417,0.000216,0.500000
5555,-25.906000,0.000355,0.500000,5570,-25.911057,0.000280,0.500000
5542,-25.896999,0.000512,0.500000,5557,-25.904539,0.000386,0.500000
5529,-25.896000,0.000058,0.500000,5544,-25.900728,0.000236,0.500000
5516,-25.884001,0.000779,0.500000,5531,-25.892891,0.000485,0.500000
5503,-25.886000,-0.000142,0.500000,5518,-25.889929,0.000198,0.500000
5490,-25.879000,0.000467,0.500000,5505,-25.884834,0.000321,0.500000
5477,-25.867001,0.000714,0.500000,5492,-25.876537,0.000501,0.500000
5464,-25.871000,-0.000222,0.500000,5479,-25.874228,0.000170,0.500000
5451,-25.864000,0.000432,0.500000,5466,-25.869457,0.000290,0.500000
5439,-25.861000,0.000191,0.500000,5453,-25.865612,0.000245,0.500000
5426,-25.854000,0.000407,0.500000,5441,-25.860239,0.000319,0.500000
5413,-25.847000,0.000439,0.500000,5428,-25.854134,0.000374,0.500000
5400,-25.846001,0.000067,0.500000,5415,-25.850502,0.000233,0.500000
5387,-25.837000,0.000546,0.500000,5402,-25.844215,0.000377,0.500000
5374,-25.827999,0.000566,0.500000,5389,-25.836723,0.000463,0.500000
5361,-25.832001,-0.000253,0.500000,5376,-25.834784,0.000135,0.500000
5348,-25.823999,0.000494,0.500000,5363,-25.829727,0.000300,0.500000
5335,-25.819000,0.000354,0.500000,5350,-25.824793,0.000325,0.500000
5322,-25.815001,0.000234,0.500000,5337,-25.820333,0.000283,0.500000
5309,-25.811001,0.000263,0.500000,5324,-25.816063,0.000274,0.500000
5296,-25.796000,0.000922,0.500000,5311,-25.806662,0.000571,0.500000
5284,-25.799999,-0.000298,0.500000,5298,-25.803881,0.000173,0.500000
5271,-25.790001,0.000634,0.500000,5286,-25.797373,0.000384,0.500000
5258,-25.770000,0.001290,0.500000,5273,-25.784542,0.000799,0.500000
5245,-25.791000,-0.001337,0.500000,5260,-25.788174,-0.000180,0.500000
5232,-25.778999,0.000720,0.500000,5247,-25.783686,0.000233,0.500000
5219,-25.775999,0.000237,0.500000,5234,-25.780161,0.000235,0.500000
5206,-25.768000,0.000493,0.500000,5221,-25.774506,0.000353,0.500000
5193,-25.766001,0.000081,0.500000,5208,-25.770693,0.000228,0.500000
5180,-25.747999,0.001168,0.500000,5195,-25.759995,0.000659,0.500000
5168,-25.759001,-0.000739,0.500000,5182,-25.759979,0.000018,0.500000
5155,-25.749001,0.000674,0.500000,5170,-25.754740,0.000319,0.500000
5142,-25.747000,0.000110,0.500000,5157,-25.751257,0.000223,0.500000
5129,-25.740999,0.000350,0.500000,5144,-25.746515,0.000281,0.500000
5116,-25.735001,0.000365,0.500000,5131,-25.741211,0.000320,0.500000
5103,-25.722000,0.000827,0.500000,5118,-25.732246,0.000552,0.500000
5090,-25.729000,-0.000452,0.500000,5105,-25.731073,0.000092,0.500000
5077,-25.714001,0.000968,0.500000,5092,-25.722973,0.000494,0.500000
5065,-25.719000,-0.000317,0.500000,5079,-25.721407,0.000122,0.500000
5052,-25.709999,0.000568,0.500000,5067,-25.716038,0.000327,0.500000
5039,-25.702999,0.000390,0.500000,5054,-25.710041,0.000356,0.500000
5026,-25.698999,0.000297,0.500000,5041,-25.704998,0.000329,0.500000
5013,-25.674000,0.001556,0.500000,5028,-25.690403,0.000891,0.500000
5000,-25.683001,-0.000580,0.500000,5015,-25.687473,0.000217,0.500000
4988,-25.681000,0.000137,0.500000,5002,-25.684530,0.000180,0.500000
4975,-25.683001,-0.000126,0.500000,4990,-25.683926,0.000040,0.500000
4962,-25.677000,0.000344,0.500000,4977,-25.680656,0.000179,0.500000
4949,-25.665001,0.000750,0.500000,4964,-25.673302,0.000441,0.500000
4936,-25.650000,0.000946,0.500000,4951,-25.662462,0.000673,0.500000
4923,-25.664000,-0.000883,0.500000,4938,-25.663656,-0.000040,0.500000
4911,-25.639999,0.001482,0.500000,4925,-25.652334,0.000657,0.500000
4898,-25.659000,-0.001148,0.500000,4913,-25.655958,-0.000170,0.500000
4885,-25.646000,0.000763,0.500000,4900,-25.651100,0.000258,0.500000
4872,-25.580999,0.004090,0.500000,4887,-25.617764,0.002014,0.500000
4859,-25.653999,-0.004585,0.500000,4874,-25.636448,-0.001011,0.500000
4846,-25.627001,0.001709,0.500000,4861,-25.631262,0.000236,0.500000
4834,-25.629999,-0.000197,0.500000,4848,-25.630819,0.000038,0.500000
4821,-25.597000,0.002076,0.500000,4836,-25.614677,0.000972,0.500000
4808,-25.625000,-0.001740,0.500000,4823,-25.620262,-0.000271,0.500000
4795,-25.608999,0.000943,0.500000,4810,-25.614717,0.000286,0.500000
4782,-25.607000,0.000156,0.500000,4797,-25.611221,0.000226,0.500000
4770,-25.599001,0.000490,0.500000,4784,-25.605537,0.000347,0.500000
4757,-25.596001,0.000163,0.500000,4772,-25.601223,0.000263,0.500000
4744,-25.590000,0.000417,0.500000,4759,-25.596031,0.000333,0.500000
4731,-25.586000,0.000240,0.500000,4746,-25.591463,0.000290,0.500000
4718,-25.583000,0.000161,0.500000,4733,-25.587626,0.000231,0.500000
4706,-25.570999,0.000773,0.500000,4720,-25.579834,0.000480,0.500000
4693,-25.573999,-0.000218,0.500000,4708,-25.577379,0.000160,0.500000
4680,-25.566999,0.000481,0.500000,4695,-25.572521,0.000307,0.500000
4667,-25.559999,0.000434,0.500000,4682,-25.566742,0.000365,0.500000
4655,-25.545000,0.000920,0.500000,4669,-25.556602,0.000620,0.500000
4642,-25.542000,0.000150,0.500000,4657,-25.550056,0.000404,0.500000
4629,-25.549000,-0.000395,0.500000,4644,-25.549824,0.000038,0.500000
4616,-25.524000,0.001528,0.500000,4631,-25.537518,0.000721,0.500000
4603,-25.541000,-0.001020,0.500000,4618,-25.539661,-0.000077,0.500000
4591,-25.524000,0.001026,0.500000,4605,-25.532135,0.000429,0.500000
4578,-25.520000,0.000280,0.500000,4593,-25.526619,0.000360,0.500000
4565,-25.509001,0.000632,0.500000,4580,-25.518457,0.000485,0.500000
4552,-25.503000,0.000410,0.500000,4567,-25.511396,0.000451,0.500000
4540,-25.516001,-0.000839,0.500000,4554,-25.513912,-0.000141,0.500000
4527,-25.506001,0.000623,0.500000,4542,-25.510046,0.000210,0.500000
4514,-25.503000,0.000217,0.500000,4529,-25.506815,0.000213,0.500000
4501,-25.496000,0.000421,0.500000,4516,-25.501793,0.000308,0.500000
4489,-25.493000,0.000183,0.500000,4503,-25.497803,0.000251,0.500000
4476,-25.485001,0.000467,0.500000,4491,-25.491867,0.000350,0.500000
4463,-25.476999,0.000531,0.500000,4478,-25.484995,0.000433,0.500000
4450,-25.478001,-0.000092,0.500000,4465,-25.481955,0.000193,0.500000
4438,-25.469999,0.000515,0.500000,4452,-25.476374,0.000340,0.500000
4425,-25.468000,0.000157,0.500000,4440,-25.472593,0.000256,0.500000
4412,-25.462000,0.000325,0.500000,4427,-25.467716,0.000288,0.500000
4399,-25.438999,0.001423,0.500000,4414,-25.454197,0.000808,0.500000
4387,-25.458000,-0.001136,0.500000,4401,-25.456551,-0.000083,0.500000
4374,-25.447001,0.000692,0.500000,4389,-25.451929,0.000272,0.500000
4361,-25.438999,0.000497,0.500000,4376,-25.445932,0.000375,0.500000
4349,-25.438000,0.000052,0.500000,4363,-25.442398,0.000227,0.500000
4336,-25.431999,0.000344,0.500000,4351,-25.437595,0.000281,0.500000
4323,-25.415001,0.001053,0.500000,4338,-25.426996,0.000635,0.500000
4310,-25.424999,-0.000607,0.500000,4325,-25.426472,0.000065,0.500000
4298,-25.417999,0.000426,0.500000,4312,-25.422474,0.000231,0.500000
4285,-25.407000,0.000706,0.500000,4300,-25.415232,0.000449,0.500000
4272,-25.405001,0.000141,0.500000,4287,-25.410639,0.000308,0.500000
4260,-25.405001,-0.000038,0.500000,4274,-25.408163,0.000149,0.500000
4247,-25.396000,0.000540,0.500000,4262,-25.402466,0.000329,0.500000
4234,-25.391001,0.000334,0.500000,4249,-25.397209,0.000331,0.500000
4222,-25.389999,0.000056,0.500000,4236,-25.393991,0.000205,0.500000
4209,-25.375000,0.000952,0.500000,4224,-25.385052,0.000547,0.500000
4196,-25.382000,-0.000465,0.500000,4211,-25.383970,0.000083,0.500000
4183,-25.372000,0.000623,0.500000,4198,-25.378313,0.000331,0.500000
4171,-25.368999,0.000189,0.500000,4185,-25.374088,0.000266,0.500000
4158,-25.365000,0.000283,0.500000,4173,-25.369917,0.000274,0.500000
4145,-25.357000,0.000462,0.500000,4160,-25.363937,0.000360,0.500000
4133,-25.356001,0.000056,0.500000,4147,-25.360395,0.000221,0.500000
4120,-25.349001,0.000454,0.500000,4135,-25.355099,0.000328,0.500000
4107,-25.322001,0.001699,0.500000,4122,-25.339497,0.000956,0.500000
4095,-25.346001,-0.001538,0.500000,4109,-25.343262,-0.000187,0.500000
4082,-25.319000,0.001675,0.500000,4097,-25.331556,0.000666,0.500000
4069,-25.325001,-0.000319,0.500000,4084,-25.328861,0.000215,0.500000
4057,-25.326000,-0.000071,0.500000,4071,-25.327641,0.000084,0.500000
4044,-25.319000,0.000393,0.500000,4059,-25.323584,0.000226,0.500000
4031,-25.305000,0.000881,0.500000,4046,-25.314859,0.000526,0.500000
4019,-25.302999,0.000164,0.500000,4033,-25.309536,0.000360,0.500000
4006,-25.285000,0.001070,0.500000,4021,-25.298065,0.000686,0.500000
3993,-25.305000,-0.001217,0.500000,4008,-25.301842,-0.000187,0.500000
3981,-25.294001,0.000656,0.500000,3995,-25.297983,0.000200,0.500000
3968,-25.292999,0.000073,0.500000,3983,-25.295738,0.000141,0.500000
3956,-25.278999,0.000862,0.500000,3970,-25.287840,0.000471,0.500000
3943,-25.283001,-0.000232,0.500000,3957,-25.285843,0.000149,0.500000
3930,-25.278999,0.000276,0.500000,3945,-25.282665,0.000207,0.500000
3918,-25.268999,0.000624,0.500000,3932,-25.276270,0.000399,0.500000
3905,-25.266001,0.000185,0.500000,3920,-25.271629,0.000301,0.500000
3892,-25.263000,0.000145,0.500000,3907,-25.267723,0.000230,0.500000
3880,-25.259001,0.000253,0.500000,3894,-25.263718,0.000240,0.500000
3867,-25.253000,0.000368,0.500000,3882,-25.258764,0.000299,0.500000
3854,-25.238001,0.000980,0.500000,3869,-25.249033,0.000611,0.500000
3842,-25.247000,-0.000610,0.500000,3856,-25.248486,0.000051,0.500000
3829,-25.232000,0.000929,0.500000,3844,-25.240654,0.000453,0.500000
3817,-25.238001,-0.000372,0.500000,3831,-25.239697,0.000075,0.500000
3804,-25.230000,0.000521,0.500000,3818,-25.235111,0.000280,0.500000
3791,-25.226999,0.000191,0.500000,3806,-25.231421,0.000239,0.500000
3779,-25.222000,0.000328,0.500000,3793,-25.227074,0.000280,0.500000
3766,-25.216000,0.000350,0.500000,3781,-25.221975,0.000312,0.500000
3754,-25.207001,0.000527,0.500000,3768,-25.215044,0.000411,0.500000
3741,-25.208000,-0.000010,0.500000,3755,-25.211948,0.000218,0.500000
3728,-25.197001,0.000634,0.495000,3743,-25.204966,0.000409,0.495000
3716,-25.200001,-0.000153,0.500000,3730,-25.202866,0.000151,0.500000
3703,-25.190001,0.000629,0.500000,3718,-25.196819,0.000370,0.500000
3691,-25.188999,0.000052,0.500000,3705,-25.193335,0.000224,0.500000
3678,-25.174000,0.000914,0.500000,3692,-25.184256,0.000541,0.500000
3665,-25.183001,-0.000520,0.500000,3680,-25.184013,0.000055,0.500000
3653,-25.172001,0.000688,0.500000,3667,-25.178308,0.000345,0.500000
3640,-25.155001,0.001033,0.500000,3655,-25.167408,0.000660,0.500000
3628,-25.166000,-0.000660,0.500000,3642,-25.167177,0.000055,0.500000
3615,-25.159000,0.000384,0.500000,3629,-25.163326,0.000206,0.500000
3602,-25.152000,0.000449,0.500000,3617,-25.158058,0.000317,0.500000
3590,-25.152000,-0.000020,0.500000,3604,-25.155388,0.000163,0.500000
3577,-25.141001,0.000705,0.500000,3592,-25.148623,0.000411,0.500000
3565,-25.143999,-0.000167,0.500000,3579,-25.146685,0.000146,0.500000
3552,-25.132999,0.000693,0.500000,3566,-25.140240,0.000397,0.500000
3540,-25.134001,-0.000106,0.500000,3554,-25.137539,0.000166,0.500000
3527,-25.113001,0.001295,0.500000,3541,-25.125937,0.000684,0.500000
3514,-25.110001,0.000218,0.500000,3529,-25.118778,0.000470,0.500000
3502,-25.120001,-0.000651,0.500000,3516,-25.119692,-0.000044,0.500000
3489,-25.114000,0.000418,0.500000,3504,-25.116938,0.000168,0.500000
3477,-25.108999,0.000275,0.500000,3491,-25.113266,0.000217,0.500000
3464,-25.098000,0.000671,0.500000,3478,-25.106125,0.000425,0.500000
3452,-25.103001,-0.000286,0.500000,3466,-25.104916,0.000099,0.500000
3439,-25.091000,0.000765,0.500000,3453,-25.098328,0.000404,0.500000
3427,-25.083000,0.000452,0.500000,3441,-25.091288,0.000426,0.500000
3414,-25.087000,-0.000216,0.500000,3428,-25.089523,0.000132,0.500000
3402,-25.082001,0.000329,0.500000,3416,-25.086014,0.000222,0.500000
3389,-25.076000,0.000339,0.500000,3403,-25.081387,0.000276,0.500000
3376,-25.070000,0.000392,0.500000,3391,-25.076130,0.000329,0.500000
3364,-25.069000,0.000070,0.500000,3378,-25.072943,0.000210,0.500000
3351,-25.063000,0.000350,0.500000,3366,-25.068340,0.000274,0.500000
3339,-25.059000,0.000285,0.500000,3353,-25.064056,0.000279,0.500000
3326,-25.040001,0.001160,0.500000,3340,-25.052753,0.000683,0.500000
3314,-25.052999,-0.000830,0.500000,3328,-25.053341,-0.000011,0.500000
3301,-25.045000,0.000490,0.500000,3315,-25.049360,0.000219,0.500000
3289,-25.031000,0.000893,0.500000,3303,-25.040733,0.000528,0.500000
3276,-25.038000,-0.000426,0.500000,3290,-25.039780,0.000090,0.500000
3264,-25.027000,0.000666,0.500000,3278,-25.033741,0.000354,0.500000
3251,-25.021000,0.000390,0.500000,3265,-25.027889,0.000370,0.500000
3239,-25.024000,-0.000218,0.500000,3253,-25.026291,0.000101,0.500000
3226,-25.011000,0.000806,0.500000,3240,-25.019060,0.000424,0.500000
3214,-25.013000,-0.000120,0.500000,3228,-25.016453,0.000175,0.500000
3201,-25.007999,0.000324,0.500000,3215,-25.012531,0.000243,0.500000
3189,-24.999001,0.000593,0.500000,3203,-25.006220,0.000404,0.500000
3176,-24.997999,0.000063,0.500000,3190,-25.002560,0.000247,0.500000
3164,-24.993999,0.000200,0.500000,3178,-24.998652,0.000226,0.500000
3151,-24.982000,0.000757,0.500000,3165,-24.990852,0.000469,0.500000
3139,-24.981001,0.000055,0.500000,3153,-24.986467,0.000280,0.500000
3126,-24.981001,0.000042,0.500000,3140,-24.984037,0.000170,0.500000
3114,-24.966999,0.000869,0.500000,3128,-24.976007,0.000491,0.500000
3101,-24.969999,-0.000196,0.500000,3115,-24.973469,0.000176,0.500000
3089,-24.955999,0.000858,0.500000,3103,-24.965246,0.000488,0.500000
3076,-24.955999,-0.000029,0.500000,3090,-24.961170,0.000252,0.500000
3064,-24.955000,0.000066,0.500000,3078,-24.958401,0.000167,0.500000
3051,-24.948000,0.000442,0.500000,3065,-24.953547,0.000293,0.500000
3039,-24.943001,0.000331,0.500000,3053,-24.948700,0.000310,0.500000
3026,-24.941999,0.000024,0.500000,3040,-24.945719,0.000179,0.500000
3014,-24.896000,0.002872,0.500000,3028,-24.922083,0.001413,0.500000
3001,-24.936001,-0.002474,0.500000,3015,-24.929684,-0.000368,0.500000
2989,-24.879000,0.003539,0.500000,3003,-24.905224,0.001423,0.500000
2977,-24.937000,-0.003580,0.500000,2991,-24.921362,-0.000871,0.500000
2964,-24.913000,0.001452,0.500000,2978,-24.916800,0.000194,0.500000
2952,-24.915001,-0.000085,0.500000,2966,-24.916063,0.000066,0.500000
2939,-24.908001,0.000401,0.500000,2953,-24.912262,0.000219,0.500000
2927,-24.902000,0.000399,0.500000,2941,-24.907501,0.000302,0.500000
2914,-24.899000,0.000166,0.500000,2928,-24.903646,0.000239,0.500000
2902,-24.860001,0.002411,0.500000,2916,-24.882957,0.001235,0.500000
2889,-24.896000,-0.002223,0.500000,2903,-24.890022,-0.000350,0.500000
2877,-24.882999,0.000798,0.500000,2891,-24.886442,0.000176,0.500000
2865,-24.881001,0.000149,0.500000,2879,-24.883957,0.000164,0.500000
2852,-24.874001,0.000409,0.500000,2866,-24.879316,0.000276,0.500000
2840,-24.871000,0.000188,0.500000,2854,-24.875532,0.000235,0.500000
2827,-24.865999,0.000323,0.500000,2841,-24.871136,0.000276,0.500000
2815,-24.862000,0.000263,0.500000,2829,-24.866951,0.000270,0.500000
2802,-24.857000,0.000290,0.500000,2816,-24.862383,0.000279,0.500000
2790,-24.846001,0.000670,0.500000,2804,-24.854752,0.000458,0.500000
2778,-24.848000,-0.000108,0.500000,2792,-24.851835,0.000199,0.500000
2765,-24.841999,0.000391,0.500000,2779,-24.847265,0.000287,0.500000
2753,-24.839001,0.000179,0.500000,2767,-24.843512,0.000237,0.500000
2740,-24.833000,0.000370,0.500000,2754,-24.838652,0.000298,0.500000
2728,-24.827999,0.000342,0.500000,2742,-24.833755,0.000318,0.500000
2715,-24.820999,0.000387,0.500000,2729,-24.827887,0.000350,0.500000
2703,-24.820999,0.000020,0.500000,2717,-24.824833,0.000199,0.500000
2691,-24.813000,0.000467,0.500000,2705,-24.819324,0.000322,0.500000
2678,-24.811001,0.000144,0.500000,2692,-24.815565,0.000240,0.500000
2666,-24.804001,0.000433,0.500000,2680,-24.810204,0.000329,0.500000
2653,-24.801001,0.000223,0.500000,2667,-24.806019,0.000280,0.500000
2641,-24.794001,0.000404,0.500000,2655,-24.800470,0.000337,0.500000
2629,-24.790001,0.000239,0.500000,2643,-24.795702,0.000292,0.500000
2616,-24.780001,0.000605,0.500000,2630,-24.788406,0.000435,0.500000
2604,-24.754999,0.001588,0.500000,2618,-24.772732,0.000964,0.500000
2591,-24.771999,-0.001082,0.500000,2605,-24.773039,0.000026,0.500000
2579,-24.775999,-0.000232,0.500000,2593,-24.774477,-0.000092,0.500000
2567,-24.757000,0.001177,0.500000,2581,-24.766068,0.000490,0.500000
2554,-24.766001,-0.000546,0.500000,2568,-24.766363,0.000015,0.500000
2542,-24.754000,0.000710,0.500000,2556,-24.760477,0.000334,0.500000
2530,-24.754999,-0.000006,0.500000,2544,-24.758072,0.000178,0.500000
2517,-24.746000,0.000503,0.500000,2531,-24.752436,0.000327,0.500000
2505,-24.743999,0.000128,0.500000,2519,-24.748631,0.000236,0.500000
2492,-24.740999,0.000187,0.500000,2506,-24.745148,0.000213,0.500000
2480,-24.719000,0.001368,0.500000,2494,-24.732800,0.000742,0.500000
2468,-24.738001,-0.001184,0.500000,2482,-24.735788,-0.000141,0.500000
2455,-24.709999,0.001773,0.500000,2469,-24.723366,0.000737,0.500000
2443,-24.718000,-0.000493,0.500000,2457,-24.721292,0.000173,0.500000
2431,-24.719000,-0.000099,0.500000,2445,-24.720327,0.000048,0.500000
2418,-24.714001,0.000318,0.500000,2432,-24.717342,0.000172,0.500000
2406,-24.709999,0.000256,0.500000,2420,-24.713949,0.000211,0.500000
2394,-24.705999,0.000283,0.500000,2408,-24.710281,0.000244,0.500000
2381,-24.697001,0.000556,0.500000,2395,-24.704096,0.000387,0.500000
2369,-24.698000,-0.000079,0.500000,2383,-24.701448,0.000174,0.500000
2356,-24.674999,0.001432,0.500000,2370,-24.688929,0.000751,0.500000
2344,-24.686001,-0.000716,0.500000,2358,-24.688047,0.000078,0.500000
2332,-24.684000,0.000168,0.500000,2346,-24.686163,0.000120,0.500000
2319,-24.679001,0.000315,0.500000,2333,-24.682819,0.000209,0.500000
2307,-24.674000,0.000267,0.500000,2321,-24.678759,0.000236,0.500000
2295,-24.669001,0.000325,0.500000,2309,-24.674257,0.000277,0.500000
2282,-24.666000,0.000213,0.500000,2296,-24.670492,0.000248,0.500000
2270,-24.658001,0.000461,0.500000,2284,-24.664700,0.000346,0.500000
2258,-24.655001,0.000207,0.500000,2272,-24.660297,0.000282,0.500000
2245,-24.641001,0.000885,0.500000,2259,-24.651262,0.000559,0.500000
2233,-24.650000,-0.000554,0.500000,2247,-24.651033,0.000049,0.500000
2221,-24.608000,0.002548,0.500000,2235,-24.630522,0.001194,0.500000
2209,-24.649000,-0.002503,0.500000,2223,-24.640154,-0.000501,0.500000
2196,-24.631001,0.001092,0.500000,2210,-24.635458,0.000230,0.500000
2184,-24.621000,0.000603,0.500000,2198,-24.628714,0.000401,0.500000
2172,-24.628000,-0.000396,0.500000,2186,-24.628637,0.000035,0.500000
2159,-24.618999,0.000550,0.500000,2173,-24.624058,0.000271,0.500000
2147,-24.612000,0.000456,0.500000,2161,-24.618473,0.000356,0.500000
2135,-24.612000,0.000007,0.500000,2149,-24.615616,0.000196,0.500000
2122,-24.605000,0.000379,0.500000,2136,-24.610691,0.000280,0.500000
2110,-24.599001,0.000399,0.500000,2124,-24.605295,0.000335,0.500000
2098,-24.597000,0.000149,0.500000,2112,-24.601551,0.000250,0.500000
2085,-24.573999,0.001424,0.500000,2099,-24.588552,0.000788,0.500000
2073,-24.594999,-0.001307,0.500000,2087,-24.592167,-0.000172,0.500000
2061,-24.584000,0.000665,0.500000,2075,-24.588160,0.000211,0.500000
2049,-24.577999,0.000386,0.500000,2063,-24.583447,0.000292,0.500000
2036,-24.577000,0.000045,0.500000,2050,-24.580568,0.000179,0.500000
2024,-24.570000,0.000438,0.500000,2038,-24.575642,0.000298,0.500000
2012,-24.566999,0.000217,0.500000,2026,-24.571705,0.000261,0.500000
1999,-24.535999,0.001881,0.500000,2013,-24.554829,0.001003,0.500000
1987,-24.552000,-0.000966,0.500000,2001,-24.554152,0.000101,0.500000
1975,-24.556999,-0.000322,0.500000,1989,-24.555590,-0.000093,0.500000
1963,-24.547001,0.000626,0.500000,1977,-24.551426,0.000237,0.500000
1950,-24.547001,-0.000006,0.500000,1964,-24.549475,0.000125,0.500000
1938,-24.538000,0.000552,0.500000,1952,-24.544081,0.000321,0.500000
1926,-24.538000,-0.000012,0.500000,1940,-24.541399,0.000168,0.500000
1914,-24.527000,0.000678,0.500000,1928,-24.534639,0.000402,0.500000
1901,-24.527000,0.000044,0.500000,1915,-24.531250,0.000238,0.500000
1889,-24.520000,0.000440,0.500000,1903,-24.526030,0.000331,0.500000
1877,-24.516001,0.000217,0.500000,1891,-24.521469,0.000278,0.500000
1864,-24.516001,0.000023,0.500000,1878,-24.519043,0.000161,0.500000
1852,-24.500999,0.000891,0.500000,1866,-24.510544,0.000496,0.500000
1840,-24.510000,-0.000526,0.500000,1854,-24.510616,0.000028,0.500000
1828,-24.496000,0.000883,0.500000,1842,-24.503647,0.000420,0.500000
1815,-24.486000,0.000624,0.500000,1829,-24.495493,0.000513,0.500000
1803,-24.489000,-0.000213,0.500000,1817,-24.492744,0.000180,0.500000
1791,-24.482000,0.000448,0.500000,1805,-24.487736,0.000303,0.500000
1779,-24.468000,0.000834,0.500000,1793,-24.478523,0.000546,0.500000
1767,-24.464001,0.000283,0.500000,1781,-24.471949,0.000426,0.500000
1754,-24.480000,-0.001007,0.500000,1768,-24.476089,-0.000231,0.500000
1742,-24.468000,0.000755,0.500000,1756,-24.472071,0.000221,0.500000
1730,-24.465000,0.000188,0.500000,1744,-24.468840,0.000206,0.500000
1718,-24.451000,0.000870,0.500000,1732,-24.460453,0.000510,0.500000
1705,-24.462999,-0.000748,0.500000,1719,-24.462015,-0.000067,0.500000
1693,-24.454000,0.000565,0.500000,1707,-24.458143,0.000223,0.500000
1681,-24.445000,0.000550,0.500000,1695,-24.452015,0.000373,0.500000
1669,-24.437000,0.000465,0.500000,1683,-24.445105,0.000415,0.500000
1656,-24.438000,-0.000003,0.500000,1670,-24.441978,0.000223,0.500000
1644,-24.424999,0.000797,0.500000,1658,-24.434015,0.000486,0.500000
1632,-24.437000,-0.000776,0.500000,1646,-24.435780,-0.000092,0.500000
1620,-24.427999,0.000569,0.500000,1634,-24.432005,0.000211,0.500000
1608,-24.423000,0.000323,0.500000,1622,-24.427843,0.000262,0.500000
1595,-24.420000,0.000170,0.500000,1609,-24.424276,0.000220,0.500000
1583,-24.410000,0.000649,0.500000,1597,-24.417597,0.000416,0.500000
1571,-24.412001,-0.000176,0.500000,1585,-24.415218,0.000145,0.500000
1559,-24.400999,0.000701,0.500000,1573,-24.408525,0.000400,0.500000
1547,-24.402000,-0.000037,0.500000,1561,-24.405672,0.000200,0.500000
1534,-24.396999,0.000283,0.500000,1548,-24.401670,0.000238,0.500000
1522,-24.363001,0.002156,0.500000,1536,-24.383343,0.001117,0.500000
1510,-24.389999,-0.001726,0.500000,1524,-24.387287,-0.000186,0.500000
1498,-24.375000,0.000967,0.500000,1512,-24.381292,0.000342,0.500000
1486,-24.379000,-0.000264,0.500000,1500,-24.380432,0.000065,0.500000
1473,-24.375000,0.000238,0.500000,1487,-24.377888,0.000144,0.500000
1461,-24.367001,0.000513,0.500000,1475,-24.372782,0.000313,0.500000
1449,-24.360001,0.000457,0.500000,1463,-24.366879,0.000379,0.500000
1437,-24.362000,-0.000171,0.500000,1451,-24.364815,0.000127,0.500000
1425,-24.354000,0.000523,0.500000,1439,-24.359734,0.000309,0.500000
1413,-24.351000,0.000197,0.500000,1427,-24.355764,0.000257,0.500000
1400,-24.344000,0.000447,0.500000,1414,-24.350311,0.000344,0.500000
1388,-24.322001,0.001309,0.500000,1402,-24.337030,0.000786,0.500000
1376,-24.341000,-0.001152,0.500000,1390,-24.339458,-0.000102,0.500000
1364,-24.325001,0.001016,0.500000,1378,-24.332479,0.000411,0.500000
1352,-24.327000,-0.000149,0.500000,1366,-24.330143,0.000154,0.500000
1340,-24.313999,0.000800,0.500000,1354,-24.322540,0.000450,0.500000
1327,-24.325001,-0.000686,0.500000,1341,-24.324026,-0.000071,0.500000
1315,-24.312000,0.000824,0.500000,1329,-24.318232,0.000340,0.500000
1303,-24.306000,0.000385,0.500000,1317,-24.312611,0.000360,0.500000
1291,-24.309000,-0.000215,0.500000,1305,-24.311136,0.000097,0.500000
1279,-24.296000,0.000806,0.500000,1293,-24.303974,0.000422,0.500000
1267,-24.298000,-0.000142,0.500000,1281,-24.301413,0.000163,0.500000
1254,-24.294001,0.000260,0.500000,1268,-24.297985,0.000208,0.500000
1242,-24.291000,0.000235,0.500000,1256,-24.294775,0.000220,0.500000
1230,-24.268000,0.001383,0.500000,1244,-24.282137,0.000753,0.500000
1218,-24.285999,-0.001114,0.500000,1232,-24.284494,-0.000103,0.500000
1206,-24.275000,0.000686,0.500000,1220,-24.279894,0.000259,0.500000
1194,-24.266001,0.000597,0.500000,1208,-24.273418,0.000414,0.500000
1182,-24.268000,-0.000122,0.500000,1196,-24.271103,0.000168,0.500000
1169,-24.261999,0.000363,0.500000,1183,-24.266869,0.000258,0.500000
1157,-24.260000,0.000110,0.500000,1171,-24.263767,0.000190,0.500000
1145,-24.254999,0.000332,0.500000,1159,-24.259703,0.000255,0.500000
1133,-24.250999,0.000246,0.500000,1147,-24.255716,0.000251,0.500000
1121,-24.240999,0.000577,0.500000,1135,-24.248869,0.000400,0.500000
1109,-24.240000,0.000084,0.500000,1123,-24.244904,0.000255,0.500000
1097,-24.238001,0.000148,0.500000,1111,-24.241774,0.000206,0.500000
1085,-24.219999,0.001121,0.500000,1099,-24.231504,0.000625,0.500000
1073,-24.218000,0.000115,0.500000,1087,-24.225475,0.000391,0.500000
1060,-24.211000,0.000439,0.500000,1074,-24.218826,0.000413,0.500000
1048,-24.219000,-0.000521,0.500000,1062,-24.219200,-0.000015,0.500000
1036,-24.216000,0.000193,0.500000,1050,-24.217669,0.000080,0.500000
1024,-24.209000,0.000410,0.500000,1038,-24.213591,0.000231,0.500000
1012,-24.204000,0.000305,0.500000,1026,-24.209171,0.000265,0.500000
1000,-24.204000,0.000043,0.500000,1014,-24.206871,0.000163,0.500000
988,-24.195000,0.000513,0.500000,1002,-24.201321,0.000323,0.500000
976,-24.195000,-0.000001,0.500000,990,-24.198524,0.000175,0.500000
964,-24.188999,0.000389,0.500000,978,-24.194090,0.000273,0.500000
951,-24.186001,0.000206,0.500000,965,-24.190403,0.000242,0.500000
939,-24.177999,0.000515,0.500000,953,-24.184631,0.000367,0.500000
927,-24.173000,0.000263,0.500000,941,-24.179333,0.000320,0.500000
915,-24.173000,0.000020,0.500000,929,-24.176525,0.000182,0.500000
903,-24.141001,0.001964,0.500000,917,-24.159681,0.000999,0.500000
891,-24.171000,-0.001835,0.500000,905,-24.165760,-0.000300,0.500000
879,-24.158001,0.000822,0.500000,893,-24.161850,0.000214,0.500000
867,-24.155001,0.000174,0.500000,881,-24.158724,0.000196,0.500000
855,-24.150999,0.000218,0.500000,869,-24.155176,0.000206,0.500000
843,-24.143999,0.000441,0.500000,857,-24.149979,0.000314,0.500000
831,-24.142000,0.000155,0.500000,845,-24.146372,0.000241,0.500000
819,-24.136999,0.000286,0.500000,833,-24.142061,0.000262,0.500000
807,-24.134001,0.000179,0.500000,821,-24.138393,0.000224,0.500000
794,-24.128000,0.000365,0.500000,808,-24.133585,0.000289,0.500000
782,-24.100000,0.001785,0.500000,796,-24.117720,0.000975,0.500000
770,-24.129999,-0.001863,0.500000,784,-24.124241,-0.000326,0.500000
758,-24.115000,0.000936,0.500000,772,-24.119608,0.000253,0.500000
746,-24.075001,0.002430,0.500000,760,-24.098476,0.001251,0.500000
734,-24.121000,-0.002821,0.500000,748,-24.110081,-0.000616,0.500000
722,-24.100000,0.001290,0.500000,736,-24.104860,0.000258,0.500000
710,-24.082001,0.001139,0.500000,724,-24.094105,0.000662,0.500000
698,-24.099001,-0.001064,0.500000,712,-24.096891,-0.000129,0.500000
686,-24.089001,0.000638,0.500000,700,-24.093033,0.000223,0.500000
674,-24.077000,0.000705,0.500000,688,-24.085531,0.000444,0.500000
662,-24.087000,-0.000582,0.500000,676,-24.086527,-0.000027,0.500000
650,-24.076000,0.000641,0.500000,664,-24.081491,0.000279,0.500000
638,-24.073000,0.000231,0.500000,652,-24.077614,0.000257,0.500000
626,-24.070999,0.000091,0.500000,640,-24.074635,0.000181,0.500000
614,-24.066000,0.000293,0.500000,628,-24.070642,0.000232,0.500000
602,-24.045000,0.001313,0.500000,616,-24.058548,0.000728,0.500000
590,-24.061001,-0.001003,0.500000,604,-24.060217,-0.000066,0.500000
578,-24.047001,0.000915,0.500000,592,-24.053850,0.000384,0.500000
566,-24.052000,-0.000332,0.500000,580,-24.053226,0.000056,0.500000
554,-24.033001,0.001160,0.500000,568,-24.043608,0.000562,0.500000
542,-24.045000,-0.000735,0.500000,556,-24.044653,-0.000032,0.500000
530,-24.035999,0.000579,0.500000,544,-24.040495,0.000248,0.500000
518,-24.032000,0.000234,0.500000,532,-24.036606,0.000242,0.500000
506,-24.025999,0.000375,0.500000,520,-24.031702,0.000303,0.500000
494,-24.024000,0.000120,0.500000,508,-24.028229,0.000219,0.500000
482,-24.020000,0.000248,0.500000,496,-24.024448,0.000232,0.500000
470,-24.007000,0.000811,0.500000,484,-24.016268,0.000497,0.500000
458,-24.010000,-0.000207,0.500000,472,-24.013617,0.000175,0.500000
446,-24.007999,0.000137,0.500000,460,-24.011053,0.000157,0.500000
434,-23.993000,0.000928,0.500000,448,-24.002535,0.000511,0.500000
422,-23.988001,0.000325,0.500000,436,-23.995932,0.000426,0.500000
410,-23.997999,-0.000636,0.500000,424,-23.997213,-0.000061,0.500000
398,-23.976000,0.001397,0.500000,412,-23.987032,0.000607,0.500000
386,-23.992001,-0.001034,0.500000,400,-23.989826,-0.000145,0.500000
374,-23.981001,0.000697,0.500000,388,-23.985516,0.000241,0.500000
362,-23.975000,0.000364,0.500000,376,-23.980658,0.000298,0.500000
350,-23.976000,-0.000011,0.500000,364,-23.978621,0.000156,0.500000
338,-23.958000,0.001121,0.500000,352,-23.968864,0.000599,0.500000
326,-23.959000,-0.000085,0.500000,340,-23.964558,0.000285,0.500000
314,-23.965000,-0.000372,0.500000,328,-23.964968,-0.000016,0.500000
302,-23.952999,0.000739,0.500000,316,-23.959244,0.000330,0.500000
290,-23.954000,-0.000092,0.500000,304,-23.956974,0.000136,0.500000
278,-23.941999,0.000788,0.500000,292,-23.949905,0.000435,0.500000
266,-23.948000,-0.000403,0.500000,280,-23.949295,0.000051,0.500000
254,-23.940001,0.000522,0.500000,268,-23.944887,0.000267,0.500000
242,-23.931000,0.000531,0.500000,256,-23.938438,0.000388,0.500000
230,-23.934000,-0.000171,0.500000,244,-23.936579,0.000132,0.500000
218,-23.927999,0.000386,0.500000,232,-23.932566,0.000248,0.500000
206,-23.921000,0.000395,0.500000,220,-23.927217,0.000315,0.500000
194,-23.922001,-0.000042,0.500000,208,-23.924938,0.000151,0.500000
182,-23.917000,0.000330,0.500000,196,-23.921244,0.000233,0.500000
170,-23.908001,0.000522,0.500000,184,-23.915083,0.000365,0.500000
158,-23.905001,0.000215,0.500000,172,-23.910509,0.000296,0.500000
146,-23.903000,0.000129,0.500000,160,-23.907120,0.000220,0.500000
134,-23.878000,0.001534,0.500000,148,-23.893358,0.000822,0.500000
122,-23.899000,-0.001308,0.500000,136,-23.896614,-0.000154,0.500000
110,-23.888000,0.000701,0.500000,124,-23.892397,0.000238,0.500000
98,-23.879000,0.000584,0.500000,112,-23.886147,0.000396,0.500000
86,-23.888000,-0.000580,0.500000,100,-23.887302,-0.000051,0.500000
74,-23.879000,0.000580,0.500000,88,-23.883299,0.000238,0.500000
63,-23.857000,0.001362,0.500000,76,-23.870892,0.000753,0.500000
51,-23.874001,-0.001104,0.500000,64,-23.872900,-0.000098,0.500000
39,-23.865999,0.000531,0.500000,53,-23.869539,0.000190,0.500000
27,-23.865000,0.000035,0.500000,41,-23.867508,0.000119,0.500000
15,-23.850000,0.000948,0.500000,29,-23.859222,0.000499,0.500000
3,-23.858999,-0.000531,0.500000,17,-23.859444,0.000027,0.500000
-8,-23.843000,0.000952,0.500000,5,-23.851616,0.000451,0.500000
